game	opening	chinese_color	result	reason	plies	chinese_ms	pikafish_ms	chinese_avg_depth	pikafish_avg_depth	chinese_nodes	pikafish_nodes	start_fen	final_fen	moves
9	4	black	loss	no_legal_moves	25	5890	5695	5.58	56.46	482142	6518978	1rbak4/4a4/2n1b2c1/pc2p3p/2p2n3/5NP2/P1P1P1r1P/2N1B2C1/9/1RBAKAC1R w - - 0 1	1nbak1CCR/4a4/9/p3p3p/2p6/5NB2/P3P3P/2N6/2c1K4/3A1A3 b - - 4 1	b0b4 b6c6 b4b9 c7b9 h2f2 c6c3 f2f5 g3g4 e2g4 c3c4 i0h0 c4c0 e0e1 c0c1 h0h7 c1c0 f5h5 c0c1 h7h9 e7g9 g0g9 c1c0 h9i9 c0c1 h5h9
12	6	red	loss	no_legal_moves	26	6383	5505	4.92	55.00	437287	5899764	1nbaka1nr/r8/3cb2c1/p1p1p1p1p/9/P8/2P1P1P1P/1C2B2C1/5N3/RNBAKA2R w - - 0 1	1nbak4/4a4/4b1nc1/p1p1p1p1p/9/P5PC1/2P1P3P/NC2B3R/4r4/2BKr4 w - - 0 1	b0a2 h9g7 a0a1 a8f8 h2h4 f9e8 f1d2 f8f4 g3g4 f4f3 e0e1 f3h3 i0i2 h3h1 e1e0 h1a1 f0e1 d7d0 e0d0 a1e1 i2i0 i9f9 i0i2 f9f0 d2e0 f0e0
0	0	red	loss	no_legal_moves	26	6383	5508	5.38	55.85	505512	5865143	2b1kabn1/4ar3/nc2c3r/p3C3p/2p3p2/7C1/P1P1P1P1P/R5N2/9/1NBAKABR1 w - - 0 1	2b1kab1R/4a4/3c5/p1n5p/2p3p2/9/P1P1P1P1P/N2r2N1B/4A1n2/2BK1A3 w - - 4 1	a2b2 h9g7 e6e5 g7e6 e5e7 i7e7 d0e1 e6f4 b0a2 b7d7 h4h9 a7c6 h9i9 e7i7 h0h9 i7i9 h9i9 f4h3 b2f2 h3g1 f2f1 f8f1 g0i2 f1f2 e0d0 f2d2
8	4	red	loss	no_legal_moves	26	6384	5995	5.15	38.38	520600	6416560	1rbak4/4a4/2n1b2c1/pc2p3p/2p2n3/5NP2/P1P1P1r1P/2N1B2C1/9/1RBAKAC1R w - - 0 1	1nbaka3/9/4b1C2/p3p3p/2p6/6P2/P5C1P/c3r2R1/4A4/1NcAK4 w - - 2 1	b0b4 b6c6 b4b9 c7b9 h2f2 h7f7 i0h0 f7f4 f2f5 f4f3 h0h9 e8f9 c0a2 f3f2 c2b0 g3e3 h9h2 e3e2 f0e1 f2g2 f5f7 c6c3 f7g7 g2a2 g0g3 c3c0
3	1	black	loss	no_legal_moves	33	7859	7178	5.50	65.35	702287	9072903	3akab2/1r7/c1n1b1c1n/4p3C/2p3p2/7R1/P1P1P1P1P/N1C1B1N2/9/2BAKA3 w - - 0 1	2bk1ab1C/2R2N3/9/9/9/4P1B2/P1P5P/B3C4/9/3AKA3 b - - 2 1	h4a4 c7d5 a4d4 d5f4 d4f4 g5g4 g3g4 c5c4 f4c4 e6e5 g2f4 e5e4 e3e4 i7g6 f4g6 g7g8 i6i9 e7c9 c4c8 a7a9 c8b8 g8g4 e2g4 d9e8 c2e2 e9d9 b8e8 c9e7 g6f8 a9a2 c0a2 e7c9 e8c8
11	5	black	loss	no_legal_moves	33	7855	7402	4.75	57.82	531823	8363572	rnbakab1r/1c7/4c3n/p1p1p1p1p/9/9/P1P1P1P1P/1C4N2/C8/RNBAKAB1R w - - 0 1	rnbR1abr1/1P7/2R1k1N1n/p5p2/9/7p1/P3P1P1P/1C2B1N2/1C7/3AKAB2 b - - 4 1	c3c4 i9h9 b0c2 c6c5 c4c5 i6i5 c0e2 e7c7 c2d4 i5i4 c5c6 i4h4 c6c7 h4i4 c7c8 i4h4 c8b8 h4i4 a1b1 i4h4 a0c0 h4i4 i0i1 i4h4 i1d1 h4i4 d4e6 i4h4 d1d9 e9e8 e6g7 e8e7 c0c7
14	7	red	loss	no_legal_moves	34	8345	7999	4.82	32.88	610311	7836305	2baka1r1/9/c1n1b2cn/p3p1pRp/2p3r2/P8/2P1P3P/N1C1C1N1B/9/1RBAKA3 w - - 0 1	3ak1b2/4a4/c7n/p3r1p1R/2b6/P2c4P/n1N6/B2Ar4/3KA4/9 w - - 2 1	b0b4 f9e8 c3c4 h7g7 h6i6 g5f5 i2g4 e7g9 a2c3 c5c4 b4c4 c9e7 i3i4 h9h3 e2e1 c7b5 e1e6 b5a3 c4c5 f5f2 c2e2 f2g2 d0e1 h3e3 e0d0 e3e6 d0d1 e7c5 c0a2 g7g4 e1d2 g2e2 f0e1 g4d4
2	1	red	loss	no_legal_moves	36	8841	8493	5.33	33.56	725656	9034867	3akab2/1r7/c1n1b1c1n/4p3C/2p3p2/7R1/P1P1P1P1P/N1C1B1N2/9/2BAKA3 w - - 0 1	3akab2/c8/4b3n/1R2p3C/1n7/5r2P/P3P4/B1p1BK3/4A1p1N/c2A5 w - - 12 1	h4a4 c7d5 a4d4 b8b2 g2e1 d5c7 i3i4 b2b1 d4a4 c7b5 a4a6 g7g8 c3c4 g8a8 a6b6 a7a2 g3g4 c5c4 e1g0 c4c3 g0i1 c3c2 f0e1 g5g4 e0f0 a2a0 f0f1 g4g3 i1g0 g3g2 g0i1 g2g1 f1f2 b1b4 c0a2 b4f4
13	6	black	loss	no_legal_moves	37	8838	9009	5.44	31.42	624111	9146061	1nbaka1nr/r8/3cb2c1/p1p1p1p1p/9/P8/2P1P1P1P/1C2B2C1/5N3/RNBAKA2R w - - 0 1	2baka1nr/CCN6/4b4/p3p4/9/PR5p1/2P1P1P1P/3NB4/4A4/2B1KA3 b - - 4 1	a0a3 h7h8 f1d2 h8i8 a3b3 b9a7 h2i2 d7b7 b2b7 i6i5 i0h0 i5i4 d0e1 i4h4 i2i8 h4i4 i8h8 i4h4 h0h4 g6g5 b7b8 g5g4 h8a8 g4h4 b3b7 h4i4 b0a2 i4h4 a2b4 h4i4 b4c6 i4h4 c6a7 h4i4 b7b4 i4h4 a7c8
4	2	red	loss	no_legal_moves	38	9328	8991	4.74	31.95	660282	9398025	r1bakab1r/9/2n4cn/pcp1p1pCp/9/9/P1P1P1P1P/N1C6/9/R1BAKABNR w - - 0 1	4kab2/4ac3/2n2c2n/p1p1p3p/7r1/C8/P1P1P3P/N1r1B1N2/4AK3/2BA5 w - - 2 1	h0g2 i9i8 a0b0 a9b9 g3g4 i8f8 g0e2 f8f5 h6h4 c9e7 e0e1 g6g5 b0b4 g5g4 b4g4 b6b1 e1e0 b9b2 i0i1 f5b5 i1f1 b2c2 f1f8 d9e8 g4g9 b5h5 h4a4 b1b8 f0e1 b8f8 e0f0 h7f7 f0e0 f8g8 e0f0 e7g9 f0f1 g8f8
5	2	black	loss	no_legal_moves	39	9332	9509	4.68	31.90	629383	9541250	r1bakab1r/9/2n4cn/pcp1p1pCp/9/9/P1P1P1P1P/N1C6/9/R1BAKABNR w - - 0 1	1r1k1ab1r/2N1aCn2/2nN5/pc1C5/2P3P2/8p/P3P3P/4B4/9/1RBAKAR2 b - - 6 1	h0g2 c9e7 a0b0 a9b9 g3g4 h7f7 g0e2 b6b1 c3c4 i6i5 g2f4 i7g8 h6h8 d9e8 c2c6 e6e5 f4g6 b1b6 g4g5 f7f1 g6e5 f1f8 h8f8 i5i4 i0g0 i4h4 c4c5 h4i4 a2c3 i4h4 c3d5 h4i4 d5e7 i4h4 e7c8 e9d9 c6d6 h4i4 e5d7
15	7	black	loss	no_legal_moves	23	5400	4612	5.18	76.33	499554	5409028	2baka1r1/9/c1n1b2cn/p3p1pRp/2p3r2/P8/2P1P3P/N1C1C1N1B/9/1RBAKA3 w - - 0 1	2bk1a3/3R5/4b2rn/p3C1p2/3N2r2/P7p/4P3P/3CB3B/9/3AKA3 b - - 0 1	b0b4 i6i5 c3c4 c5c4 b4c4 a7a8 h6h7 h9h7 c4c7 d9e8 e2e6 e9d9 a2c3 g5g2 c0e2 g2g5 c2d2 i5i4 c3d5 e8d7 c7d7 a8d8 d7d8
7	3	black	loss	no_legal_moves	49	11782	11052	5.12	52.84	942729	14271692	1nbakabnr/1r7/1c5c1/p1p1p3p/6p2/2P3P2/P3P3P/C6C1/9/RNBAKABNR w - - 0 1	1n1a1a2r/1r1k5/4b4/p2N3R1/5P3/2B4p1/P8/3C1NC2/4c4/1R2KAB2 b - - 5 1	h2g2 g9e7 g4g5 c6c5 c0e2 c5c4 h0i2 e6e5 b0d1 h7h8 a0b0 h8d8 e2c4 h9f8 i0h0 f8d7 d1f2 i6i5 h0h6 b7b5 d0e1 i5i4 g5f5 i4h4 i3i4 h4i4 i2g3 i4h4 a2e2 h4i4 e3e4 i4h4 e4e5 h4i4 e5e6 i4h4 e6e7 b5e5 e7d7 e5e1 d7e7 d8e8 e7e8 e9e8 g3e4 c9e7 e4d6 e8d8 e2d2
6	3	red	loss	no_legal_moves	52	12772	11570	5.46	48.88	1347592	15069324	1nbakabnr/1r7/1c5c1/p1p1p3p/6p2/2P3P2/P3P3P/C6C1/9/RNBAKABNR w - - 0 1	1Rbaka3/9/4b4/p3p3p/9/9/P3Pn2P/9/4r2c1/3K1r3 w - - 0 1	g4g5 b8g8 i0i2 h7h0 i2i0 h0f0 e0f0 g8g5 b0c2 g5b5 i0h0 h9g7 h2f2 c6c5 c4c5 b5c5 c0e2 g7h5 h0h3 b7h7 h3f3 g9e7 f0e0 i9g9 a0b0 h5g3 b0b9 h7h0 g0i2 g3i2 e0e1 i2g1 e1d1 h0h1 d0e1 c5d5 c2d4 d5d4 a2d2 g1f3 e1d0 g9g2 d1e1 d4d2 e1e0 d2e2 d0e1 g2g0 f2f0 e2e1 e0d0 g0f0
10	5	red	loss	no_legal_moves	58	14249	13986	6.28	31.97	1486941	19179932	rnbakab1r/1c7/4c3n/p1p1p1p1p/9/9/P1P1P1P1P/1C4N2/C8/RNBAKAB1R w - - 0 1	2bakab2/9/9/p3p3p/2p3p2/9/8P/3AB1n1c/5K2c/3n5 w - - 0 1	i0h0 b8g8 b0c2 g6g5 a0b0 b9c7 b2b1 a9b9 c0e2 b9b2 g2e1 i9h9 h0h9 i7h9 a3a4 c6c5 a1a3 g8g3 b1a1 b2b0 c2b0 c7b5 b0a2 h9g7 g0i2 g7f5 e1g0 f5d4 g0i1 d4c2 f0e1 b5a3 e0f0 c2a1 f0f1 e7a7 i1g0 a7a4 g0i1 a4a2 i1g0 a1c2 g0i1 c2e3 i1g0 a2i2 g0i1 g3c3 i1g0 a3b1 g0i1 c3c1 e1d2 c1i1 d0e1 e3g2 e1d0 b1d0
1	0	black	loss	no_legal_moves	81	19674	17014	5.83	59.49	2381540	23365755	2b1kabn1/4ar3/nc2c3r/p3C3p/2p3p2/7C1/P1P1P1P1P/R5N2/9/1NBAKABR1 w - - 0 1	3a1abr1/2N1k1R2/9/p8/9/4P2p1/P8/4B4/4AC3/3AK1B2 b - - 14 1	e6e4 f8f6 a2b2 b7d7 c0e2 i7f7 c3c4 f6e6 c4c5 f7f5 b2c2 h9g7 c5d5 f5d5 c2c9 d7d9 h4h8 e7e4 e3e4 e6c6 c9c6 a7c6 h0h6 c6b4 h6g6 b4d3 g6g7 d3c1 e0e1 c1d3 e1e0 d3c1 e0e1 d9b9 g7b7 c1d3 e1e0 d3c1 e0e1 b9b0 b7b0 c1d3 e1e0 g5g4 h8h1 g4g3 g2i1 d3c1 e0e1 c1d3 e1e0 d5a5 h1f1 d3c1 e0e1 c1d3 e1e0 a5c5 f0e1 c5h5 b0b9 e8d9 b9b3 g3h3 b3d3 h3i3 d3i3 h5h9 i1h3 i6i5 h3g5 i5i4 g5f7 e9e8 f7d6 e8e9 i3g3 i4h4 d6c8 e9e8 g3g8
19	9	black	loss	no_legal_moves	41	9813	9993	5.10	32.38	1140853	15115124	2b1kab2/3ra4/nc2c1n2/pCp1p1p1p/9/2P4R1/P2rP1P1P/2N1C1N2/4A4/R1BAK1B2 w - - 0 1	2b1kaR2/4RP3/n2cc4/p1p3N2/9/P1P4p1/3CP3P/2N1B4/4A4/2BAK4 b - - 0 1	e2f2 b7d7 f2f3 d3d5 b6b3 d5d1 g0e2 d8b8 a3a4 g6g5 g3g4 b8b5 b3d3 b5f5 a0a3 f5f6 g4g5 d1d3 f3d3 i6i5 h4g4 i5i4 g5g6 i4h4 g2h4 f6f8 g6g7 e6e5 g7g8 e5e4 g8f8 e4f4 g4g9 f4g4 h4g6 g4h4 a3b3 h4i4 b3b8 i4h4 b8e8
17	8	black	loss	no_legal_moves	45	10797	10117	5.50	52.04	1234727	16568747	rnbaka1nr/9/2c1b3c/p1p1p1p1p/9/9/P1P1P1P1P/1CN1B2C1/8R/R1BAKA1N1 w - - 0 1	2bk1a1r1/C5N2/3R5/4C1p1p/4R3c/2P6/P3P1P2/4B3N/9/2BAKA3 b - - 0 1	c3c4 i7g7 a0b0 h9f8 i1f1 a9a8 c2d4 i9h9 b2a2 b9a7 f1f4 g7i7 h0i2 e6e5 h2f2 i7i3 f2f8 i3i5 b0b7 i5i3 b7c7 i3i5 a2a6 i5i3 a6a8 i3i5 c7a7 i5i3 a7e7 f9e8 e7e5 i3i5 f8f6 i5i3 d4c6 i3i5 f6e6 e8f9 c6e7 d9e8 e7g8 e9d9 f4d4 e8d7 d4d7
18	9	red	loss	no_legal_moves	60	14730	13499	5.13	44.30	1533241	18354338	2b1kab2/3ra4/nc2c1n2/pCp1p1p1p/9/2P4R1/P2rP1P1P/2N1C1N2/4A4/R1BAK1B2 w - - 0 1	2b1ka3/4a4/2c1b4/2p3p1p/pn7/4p1P2/P3c3P/3RBAn2/N3A4/4K2r1 w - - 4 1	e2f2 d8d5 f2f3 d3d1 f3f1 d1d3 f1f3 d3d1 f3f1 d1d3 b6b4 d5f5 h4f4 f5f4 b4f4 d3c3 a0a2 c3c4 g3g4 b7c7 c2a1 c4c0 f1g1 c0c5 a2d2 c5h5 f4f3 h5h3 f3g3 e7e3 g0e2 g9e7 e0f0 a6a5 f0f1 e6e5 g1g0 e3c3 g0g1 e5e4 g1g0 a7b5 g0g1 g7e6 g1g0 e6f4 g0g1 f4g2 g1g0 c3c1 e1f2 h3h1 g0g1 c1g1 f1f0 g1g3 f0e0 g3e3 d0e1 h1h0
16	8	red	loss	no_legal_moves	30	7353	6993	5.40	34.53	784593	10736595	rnbaka1nr/9/2c1b3c/p1p1p1p1p/9/9/P1P1P1P1P/1CN1B2C1/8R/R1BAKA1N1 w - - 0 1	2baka1r1/7C1/4b1n1c/p1n1p3p/6p2/9/P3P1P1P/4B4/1r1pAN1RR/2cA1K3 w - - 0 1	c3c4 h9g7 a0a1 i9h9 a1h1 b9a7 h2h8 a9b9 b2b1 c6c5 b1b7 b9b7 h0f1 c5c4 f0e1 c4c3 e0f0 c3c2 f0e0 b7b1 e0f0 c2c1 f0e0 c1d1 e0f0 g6g5 f0e0 a7c6 e0f0 c7c0
