game	opening	chinese_color	result	reason	plies	chinese_ms	pikafish_ms	start_fen	final_fen	moves
12	6	red	loss	no_legal_moves	18	4420	3999	1nbaka1nr/r8/3cb2c1/p1p1p1p1p/9/P8/2P1P1P1P/1C2B2C1/5N3/RNBAKA2R w - - 0 1	2baka3/5r3/2ncb1n1c/p3p3p/2p3p2/P8/2P1P1P1P/NC2B4/2R1AN2R/2BA1K1r1 w - - 4 1	b0a2 h9g7 a0a1 a8f8 e2c4 b9c7 c4e2 c6c5 i0i1 h7i7 a1c1 i9h9 h2h4 h9h4 f0e1 g6g5 e0f0 h4h0
9	4	black	loss	no_legal_moves	23	5399	5501	1rbak4/4a4/2n1b2c1/pc2p3p/2p2n3/5NP2/P1P1P1r1P/2N1B2C1/9/1RBAKAC1R w - - 0 1	2bakc1R1/4a1N1C/2n1b4/p3p3p/2p6/6PN1/Pr7/4B4/r8/2BAKAC2 b - - 7 1	h2f2 b6b3 i0h0 h7f7 f2f5 b3e3 c2e3 b9b0 e3g2 g3c3 h0h9 f7f9 f5f8 b0b3 g2h4 c3i3 f8i8 i3h3 f4g6 h3h1 g6i7 h1a1 i7g8
0	0	red	loss	no_legal_moves	26	6381	5502	2b1kabn1/4ar3/nc2c3r/p3C3p/2p3p2/7C1/P1P1P1P1P/R5N2/9/1NBAKABR1 w - - 0 1	2b1kab1R/4a4/3c5/p1n5p/2p3p2/9/P1P1P1P1P/N2r2N1B/4A1n2/2BK1A3 w - - 4 1	a2b2 h9g7 e6e5 g7e6 e5e7 i7e7 d0e1 e6f4 b0a2 b7d7 h4h9 a7c6 h9i9 e7i7 h0h9 i7i9 h9i9 f4h3 b2f2 h3g1 f2f1 f8f1 g0i2 f1f2 e0d0 f2d2
2	1	red	loss	no_legal_moves	26	6383	5992	3akab2/1r7/c1n1b1c1n/4p3C/2p3p2/7R1/P1P1P1P1P/N1C1B1N2/9/2BAKA3 w - - 0 1	2bakab2/9/8n/3Rp4/6p1C/3n4P/P3c4/4B4/1rN1N4/2BAKAc2 w - - 2 1	h4a4 c7d5 a4d4 b8b2 g2e1 d5c7 i3i4 c7b5 c3c4 b2b1 c4c5 e7c5 d4a4 a7e7 a4a6 c5a7 c2c1 b5d4 a6d6 e7e3 c1c9 a7c9 a2c1 g7g3 i6i5 g3g0
8	4	red	loss	no_legal_moves	26	6382	5995	1rbak4/4a4/2n1b2c1/pc2p3p/2p2n3/5NP2/P1P1P1r1P/2N1B2C1/9/1RBAKAC1R w - - 0 1	1nbaka3/9/4b1C2/p3p3p/2p6/6P2/P5C1P/c3r2R1/4A4/1NcAK4 w - - 2 1	b0b4 b6c6 b4b9 c7b9 h2f2 h7f7 i0h0 f7f4 f2f5 f4f3 h0h9 e8f9 c0a2 f3f2 c2b0 g3e3 h9h2 e3e2 f0e1 f2g2 f5f7 c6c3 f7g7 g2a2 g0g3 c3c0
6	3	red	loss	no_legal_moves	30	7365	6503	1nbakabnr/1r7/1c5c1/p1p1p3p/6p2/2P3P2/P3P3P/C6C1/9/RNBAKABNR w - - 0 1	1nbakCb2/9/5c3/p3p3p/5n3/9/P3P3P/C4A3/2r2K2R/R1B3r2 w - - 3 1	g4g5 b8g8 i0i2 h7h0 i2i0 h0f0 e0f0 c6c5 c4c5 g8g5 c5c6 h9g7 b0c2 i9h9 h2f2 g5c5 g0e2 c5c6 i0i1 h9h0 e2g0 h0g0 f0f1 c6c2 d0e1 b7f7 f2f9 g7f5 e1f2 c2c1
5	2	black	loss	no_legal_moves	31	7360	7007	r1bakab1r/9/2n4cn/pcp1p1pCp/9/9/P1P1P1P1P/N1C6/9/R1BAKABNR w - - 0 1	1r1akRbnr/4c4/4b4/p6Cp/2p1p4/P7p/2P1P3P/N8/5R3/2BAKAB2 b - - 1 1	h0g2 c9e7 g3g4 c7a8 g2f4 b6b8 a3a4 b8e8 a0a1 a9b9 f4d5 c6c5 i0i2 a8c7 i2d2 g6g5 a1f1 c7d5 d2d5 g5g4 d5f5 h7h9 c2h2 g4h4 h2f2 e6e5 f2f9 h4i4 f9h9 i7h9 f5f9
3	1	black	loss	no_legal_moves	33	7856	7141	3akab2/1r7/c1n1b1c1n/4p3C/2p3p2/7R1/P1P1P1P1P/N1C1B1N2/9/2BAKA3 w - - 0 1	2bk1ab1C/2R2N3/9/9/9/4P1B2/P1P5P/B3C4/9/3AKA3 b - - 2 1	h4a4 c7d5 a4d4 d5f4 d4f4 g5g4 g3g4 c5c4 f4c4 e6e5 g2f4 e5e4 e3e4 i7g6 f4g6 g7g8 i6i9 e7c9 c4c8 a7a9 c8b8 g8g4 e2g4 d9e8 c2e2 e9d9 b8e8 c9e7 g6f8 a9a2 c0a2 e7c9 e8c8
13	6	black	loss	no_legal_moves	33	7854	7179	1nbaka1nr/r8/3cb2c1/p1p1p1p1p/9/P8/2P1P1P1P/1C2B2C1/5N3/RNBAKA2R w - - 0 1	2bR1k1nr/rC2R4/n8/p1p1C4/2b6/P7p/2P1P1P1P/N2NB4/9/2BAKA3 b - - 0 1	a0a3 h7h8 f1d2 h8i8 a3b3 b9a7 h2i2 d7b7 b3b7 i6i5 i0h0 i5i4 b0a2 i4h4 i2i8 h4i4 i8b8 i4h4 h0h4 g6g5 h4h8 g5g4 b2b6 g4h4 b6e6 e7c5 h8d8 h4i4 b7e7 f9e8 e7e8 e9f9 d8d9
7	3	black	loss	no_legal_moves	33	7853	7507	1nbakabnr/1r7/1c5c1/p1p1p3p/6p2/2P3P2/P3P3P/C6C1/9/RNBAKABNR w - - 0 1	1n1aR1bC1/1r1rk4/1c5c1/5R2p/2b6/4CN1p1/P3P3P/2N1B4/9/2BAKA3 b - - 10 1	b0c2 g5g4 a0b0 h7g7 g0e2 c6c5 c4c5 i9i8 b0b6 c9e7 i0i1 i8d8 a2a6 g7h7 h2h9 g4h4 a6e6 e7c5 h0g2 h4i4 i1f1 i4h4 f1f9 e9e8 e6e4 h4i4 g2f4 i4h4 b6e6 c5e7 e6f6 e7c5 f9e9
10	5	red	loss	no_legal_moves	36	8836	8491	rnbakab1r/1c7/4c3n/p1p1p1p1p/9/9/P1P1P1P1P/1C4N2/C8/RNBAKAB1R w - - 0 1	1Cbak1bn1/4a4/5r3/p5p1p/4p4/3p2P2/P4c2P/4BAc2/4AK3/1RB6 w - - 6 1	i0h0 b8g8 b0c2 a9a8 a1g1 c6c5 a0b0 b9c7 c3c4 c5c4 g1c1 g8c8 b2b9 i9h9 h0h9 i7h9 g3g4 e6e5 c0e2 c4d4 e2c0 a8a7 c1c7 a7c7 g0e2 c8c2 f0e1 c2g2 e0f0 e7e3 f0f1 c7f7 e1f2 f9e8 d0e1 e3f3
11	5	black	loss	no_legal_moves	41	9822	9172	rnbakab1r/1c7/4c3n/p1p1p1p1p/9/9/P1P1P1P1P/1C4N2/C8/RNBAKAB1R w - - 0 1	rnCa1a1r1/1c1k5/4b1N2/9/2P3N2/1p2C3R/P8/4B4/4A4/3RK1B2 b - - 6 1	c3c4 i9h9 b0c2 c6c5 c4c5 i6i5 c0e2 e7c7 c2d4 c7f7 i3i4 i7h5 g3g4 i5i4 i0i4 h5f4 g2f4 g6g5 b2b4 g5g4 f4e6 g4h4 b4h4 a6a5 h4e4 f7e7 e6g5 e7e3 d0e1 e3e1 f0e1 a5a4 a1c1 a4b4 c1c9 e9e8 d4e6 g9e7 e6g7 e8d8 a0d0
14	7	red	loss	no_legal_moves	40	9821	9493	2baka1r1/9/c1n1b2cn/p3p1pRp/2p3r2/P8/2P1P3P/N1C1C1N1B/9/1RBAKA3 w - - 0 1	3ak4/4a4/b3b4/p7p/4C4/5c1N1/4nn2P/3AB3B/1NC2K3/c2A5 w - - 16 1	b0b4 f9e8 c3c4 a7a8 c4c5 g5c5 c2c1 h7f7 h6h9 i7h9 b4h4 h9f8 g2f4 c5c4 f4g6 c4h4 g6h4 c7d5 e2e6 f7f4 e6e5 d5e3 f0e1 a8a4 a2c3 f4c4 c0e2 a4a0 c1c0 c4b4 e1d2 f8e6 e0f0 e6g5 f0f1 c9a7 c0c1 b4f4 c3b1 g5f3
1	0	black	loss	no_legal_moves	43	10312	10022	2b1kabn1/4ar3/nc2c3r/p3C3p/2p3p2/7C1/P1P1P1P1P/R5N2/9/1NBAKABR1 w - - 0 1	C2Rkab2/3R5/4b3n/p8/9/8p/P5P1P/4B1N2/3N5/3cKAB2 b - - 0 1	e6e4 f8f6 a2b2 b7d7 c0e2 i7f7 c3c4 f6e6 c4c5 f7f5 b2c2 e7e4 e3e4 c9e7 e4e5 f5e5 h4a4 h9i7 a4a7 e6b6 b0d1 e5c5 c2c5 g5g4 c5c0 g4h4 h0h4 i6i5 a7a9 i5i4 h4c4 i4h4 c0b0 h4i4 b0b6 i4h4 c4c8 h4i4 c8d8 d7d0 b6b9 e8d9 b9d9
28	14	red	loss	no_legal_moves	14	3435	2998	4kabr1/4a4/2n1b1nc1/4p1C1p/p8/1cpr2PR1/P3P3P/N3C1N2/2R6/2BAKAB2 w - - 0 1	4kabr1/4a4/2n1b1n2/4p1C1p/p8/8R/P3P3P/N3C4/2R1K1r2/2BA1A1c1 w - - 2 1	g4g5 d4d5 h4c4 d5g5 c4b4 g5g2 b4i4 h7h0 e0e1 g2g1 e1e0 g1g0 e0e1 g0g1
15	7	black	loss	no_legal_moves	23	5399	4611	2baka1r1/9/c1n1b2cn/p3p1pRp/2p3r2/P8/2P1P3P/N1C1C1N1B/9/1RBAKA3 w - - 0 1	2bk1a3/3R5/4b2rn/p3C1p2/3N2r2/P7p/4P3P/3CB3B/9/3AKA3 b - - 0 1	b0b4 i6i5 c3c4 c5c4 b4c4 a7a8 h6h7 h9h7 c4c7 d9e8 e2e6 e9d9 a2c3 g5g2 c0e2 g2g5 c2d2 i5i4 c3d5 e8d7 c7d7 a8d8 d7d8
4	2	red	loss	no_legal_moves	50	12274	11502	r1bakab1r/9/2n4cn/pcp1p1pCp/9/9/P1P1P1P1P/N1C6/9/R1BAKABNR w - - 0 1	2bakab2/9/9/p1R1p3p/9/PC4pnP/2P1P4/N2ABr3/4K1n1c/2BA5 w - - 4 1	h0g2 i9i8 a0b0 a9b9 b0b3 b6b5 d0e1 i8b8 i3i4 b5c5 b3b8 b9b8 c2c5 c6c5 i0i3 b8b4 h6h1 g6g5 g0e2 h7g7 i3h3 c7d5 h3h7 g7g3 h7h3 g5g4 e1d0 b4f4 h1b1 i7g6 a3a4 g6e5 h3h5 d5e7 f0e1 e5f3 h5c5 e7g6 c5c6 g6h4 g2h0 g3i3 b1b4 f3g1 h0f1 f4f1 e1d2 f1f2 e0e1 i3i1
17	8	black	loss	no_legal_moves	27	6381	5624	rnbaka1nr/9/2c1b3c/p1p1p1p1p/9/9/P1P1P1P1P/1CN1B2C1/8R/R1BAKA1N1 w - - 0 1	2b1R2n1/8r/nr2bk3/p1p2Rp2/9/2P5p/P3P1P1P/4B2C1/9/2BAKA1N1 b - - 8 1	c3c4 i7g7 c2d4 b9a7 d4e6 a9b9 e6c7 g7c7 i1f1 i9i8 a0a1 b9b3 a1d1 c7b7 b2b7 b3b7 f1f9 e9e8 d1d9 i6i5 f9e9 e8f8 d9d8 f8f7 d8d6 i5i4 d6f6
43	21	black	loss	no_legal_moves	13	2945	3006	rnbakabnr/9/5c2c/p1p1p3p/6p2/2P6/P3P1P1P/1C7/2C6/RNBAKABNR w - - 0 1	rnbakabnr/5c2c/9/p3C4/4C4/2P3Pp1/P3P3P/6N2/9/RNBAKAB1R b - - 4 1	h0g2 i7i8 b2e2 f7f8 e2e6 g5g4 g3g4 i6i5 c1c6 i5i4 e6e5 i4h4 c6e6
20	10	red	loss	no_legal_moves	28	6868	6498	1rb1kab2/4ar3/c1n3c1n/p1p1p1p1p/9/2P5P/P3P1P2/2N1C1N2/8C/R1BAKABR1 w - - 0 1	1Cbak1b2/4a4/6c2/p1p1n3p/9/2PN1npRP/P3P4/B3B4/4Ar3/3RKAc2 w - - 12 1	c0a2 g6g5 h0h4 b9b3 i1i3 f8f1 d0e1 i7g6 g3g4 g5g4 h4h6 g6f4 e2e6 c7e6 i3b3 g7g2 b3b9 e8d9 a0d0 f9e8 c2d4 f1g1 g0e2 g1f1 h6h0 a7g7 h0h4 g2g0
27	13	black	loss	no_legal_moves	43	10311	9565	2baka1nr/9/n2cc3b/p1p1p3p/6r2/8P/P1P1P4/1CN1B1C2/4A4/1R1AK1BNR w - - 0 1	2bk1R3/4R4/n5N2/p1p6/9/2P5p/P3P4/4B4/4A4/3AK1B2 b - - 0 1	b2b4 d7d8 b4g4 g5h5 h0i2 d8c8 g4g9 i7g9 i2g3 h9g7 g3h5 g7h5 b0b4 e7h7 b4g4 c8i8 g2g9 i9g9 g4g9 h5f4 i0h0 f4h3 h0h3 i6i5 h3h7 i5i4 c3c4 i4h4 g9i9 h4i4 i9i8 i4h4 c2d4 h4i4 d4e6 i4h4 e6g7 h4i4 h7h9 d9e8 i8e8 e9d9 h9f9
24	12	red	loss	no_legal_moves	40	9822	8999	r1b1kabr1/4a4/1cnc2n2/p3p1p1p/2p6/5NP2/P1P1P3P/NC2B2C1/R8/2BAKA2R w - - 0 1	4kab2/4a4/3cb1n2/4p3p/6p2/2p3P2/4P3P/4rr3/c8/3A1K3 w - - 0 1	a1c1 c9e7 i0h0 h9h5 c3c4 c5c4 c1c4 c7d5 f4d5 h5d5 h0h1 b7b5 a3a4 a6a5 a2b4 a5a4 h1a1 b5c5 h2h5 c5h5 f0e1 g6g5 e0f0 h5h1 f0f1 d5f5 e1f2 h1a1 c0a2 a4b4 f1f0 b4c4 f0f1 a9a2 f1f0 a2b2 f0f1 b2e2 f1f0 f5f2
18	9	red	loss	no_legal_moves	32	7852	7495	2b1kab2/3ra4/nc2c1n2/pCp1p1p1p/9/2P4R1/P2rP1P1P/2N1C1N2/4A4/R1BAK1B2 w - - 0 1	2b1kab2/4a4/n4cn2/p1p1p1p1p/9/2P1P2R1/P5P1P/2r2rc2/4AK3/9 w - - 0 1	e2f2 d8d5 f2f3 d3d1 e3e4 d5b5 g0e2 b5b6 e0f0 d1d5 f0f1 d5f5 c0a2 f5f3 e1f2 b6b1 d0e1 b7b2 a0a1 b1a1 f1f0 a1a2 f0f1 b2e2 f1f0 a2c2 f0f1 e2g2 f1f0 e7f7 f0f1 f3f2
21	10	black	loss	no_legal_moves	35	8344	8496	1rb1kab2/4ar3/c1n3c1n/p1p1p1p1p/9/2P5P/P3P1P2/2N1C1N2/8C/R1BAKABR1 w - - 0 1	1r2kRb2/4a4/4R1N1n/p3p2Pp/9/9/P3P4/3CB1N2/6C2/3AKAB1r b - - 0 1	e2d2 f8f4 c0e2 f4i4 g3g4 i4i5 c2d4 c9e7 a0c0 g6g5 i1g1 c6c5 g4g5 c5c4 d4f5 c4d4 f5g7 d4e4 c0c7 e4f4 c7a7 f4g4 g5h5 g4h4 h0h4 i5i0 h5h6 i0i5 h4f4 i5i0 f4f8 i0i5 a7e7 i5i0 f8f9
22	11	red	loss	no_legal_moves	34	8348	7996	rnbakabnr/6c2/9/p1p1p1p1p/9/8P/P1P1P1Pc1/7C1/1C2A4/RNBAK1BNR w - - 0 1	2bakabr1/9/9/p1p1p3p/5n3/4c3P/P1P1p4/R3B4/4AN3/2BA1Kr2 w - - 2 1	e0f0 a9a7 a0a2 a7f7 f0e0 h3e3 g0e2 e3e4 h0f1 g6g5 h2h0 f7b7 b1b9 b7b9 b0c2 h9g7 g3g4 g5g4 c2e3 g4f4 h0g0 b9b8 i0h0 f4f3 h0h9 i9h9 g0g8 b8g8 e0f0 g7f5 f0e0 f3e3 e0f0 g8g0
26	13	red	loss	no_legal_moves	28	6871	6003	2baka1nr/9/n2cc3b/p1p1p3p/6r2/8P/P1P1P4/1CN1B1C2/4A4/1R1AK1BNR w - - 0 1	2baka3/9/n7b/1Rp1p3p/p4n3/5C2P/P1P2r3/2NAB3N/4K1r1c/3A2Bc1 w - - 4 1	b2b4 h9g7 b4g4 g5e5 h0i2 i9h9 b0b6 g7f5 g4f4 h9h2 g2f2 e7h7 f2g2 h2g2 i0i1 a6a5 e0f0 h7h0 f0f1 d7d1 e1d2 d1i1 d0e1 e5e3 e1d0 e3f3 f1e1 g2g1
29	14	black	loss	no_legal_moves	29	6873	6125	4kabr1/4a4/2n1b1nc1/4p1C1p/p8/1cpr2PR1/P3P3P/N3C1N2/2R6/2BAKAB2 w - - 0 1	3k1abr1/6Nc1/2RRb1n2/4p1C1p/9/3pPN3/P7P/4B4/9/3AKAB2 b - - 0 1	g4g5 d4d5 h4h5 b4b2 c1c2 b2e2 c0e2 d5g5 g2f4 g5b5 h5b5 h7h8 b5h5 c4d4 c2c7 d4e4 e3e4 a5a4 a2c3 a4b4 c3d5 b4c4 d5f6 c4d4 f6g8 e9d9 h5d5 e8d7 d5d7
25	12	black	loss	no_legal_moves	33	7854	7160	r1b1kabr1/4a4/1cnc2n2/p3p1p1p/2p6/5NP2/P1P1P3P/NC2B2C1/R8/2BAKA2R w - - 0 1	5Rbr1/4n4/1c3k3/4p1p2/3N5/6Pp1/P3P3P/N2CB2C1/8R/2BAKA3 b - - 0 1	a1c1 c9e7 c3c4 c5c4 c1c4 c7b5 b2d2 d7d8 c4c8 a6a5 c8d8 b5d4 d8d4 a5a4 d4a4 i6i5 a4a9 e7c9 a9c9 e8d9 f4d5 i5i4 c9d9 e9e8 i0i1 i4h4 d5c7 e8e7 d9e9 g7e8 c7d5 e7f7 e9f9
23	11	black	loss	no_legal_moves	51	12275	11614	rnbakabnr/6c2/9/p1p1p1p1p/9/8P/P1P1P1Pc1/7C1/1C2A4/RNBAK1BNR w - - 0 1	2ba1a2r/1r7/3k5/p1p3p2/3R5/3N2Pp1/P3N4/4C4/4A4/2BAK1B2 b - - 3 1	g3g4 g8g7 a0a2 g9e7 h0g2 a9a8 i0i3 h3c3 e3e4 c3c5 i3h3 h9f8 a2f2 f8d7 g2f4 c5f5 f4e2 f5c5 e2d4 c5d5 f2f6 d7c5 b1b6 b9c7 b6e6 c7e6 e4e5 a8b8 b0c2 d5d8 e5e6 c5e4 f6f4 e4f2 f4f2 i6i5 e6e7 i5i4 f2f5 i4h4 h2e2 d8e8 e7e8 e9e8 h3e3 g7e7 e3e7 e8e7 c2e3 e7d7 f5d5
16	8	red	loss	no_legal_moves	36	8835	8492	rnbaka1nr/9/2c1b3c/p1p1p1p1p/9/9/P1P1P1P1P/1CN1B2C1/8R/R1BAKA1N1 w - - 0 1	2baka1r1/9/n3b1n2/p1p1p1p1p/9/2P3P1P/P7R/B1NCB2C1/1r1KAN3/cc3AR2 w - - 16 1	c3c4 h9g7 a0a1 i9h9 a1h1 b9a7 h2g2 i7h7 h0f1 a9b9 c2d4 h7h3 b2d2 b9b5 i3i4 b5h5 h1g1 h5e5 g2h2 h3e3 d0e1 e3b3 g3g4 b3b0 c0a2 c7b7 i1i3 b7b1 e0d0 e5b5 d4c2 b0a0 d0d1 b1b0 g1g0 b5b1
19	9	black	loss	no_legal_moves	31	7357	7498	2b1kab2/3ra4/nc2c1n2/pCp1p1p1p/9/2P4R1/P2rP1P1P/2N1C1N2/4A4/R1BAK1B2 w - - 0 1	2b1ka1C1/1r2acR2/n2cb1n2/p3p1p1p/2P1r4/6P2/P1C1N3P/4B1N2/4A4/2RAK1B2 b - - 5 1	e2f2 b7d7 f2f3 d3d5 b6b3 d5d1 b3d3 d8c8 a0b0 c6c5 d3c3 e7f7 e3e4 d1d5 c2e3 d5d4 c0e2 g9e7 g3g4 f7f8 h4h8 c8b8 b0c0 f8f5 c4c5 d4e4 f3h3 e4e5 h8g8 f5f8 h3h9
58	29	red	loss	no_legal_moves	30	7365	6047	2bakab1r/2c6/2n3nc1/p3p1p1p/1r7/3R5/P3P1P1P/2N1CC3/9/2BAKABNR w - - 0 1	3akabr1/9/4b1n2/p7p/6p2/9/P3P1P1P/2CRB3R/4Ar3/2BK1n1c1 w - - 8 1	d4d8 c8c2 f2c2 b5c5 d8d2 g6g5 i0i2 c9e7 e2e6 c7e6 h0g2 i9h9 g0e2 h7h2 f0e1 e6f4 e0f0 f4g2 f0f1 c5f5 e1f2 f5f2 f1e1 f2f0 e1d1 f0f1 d0e1 g2f0 d1d0 h2h0
40	20	red	loss	no_legal_moves	20	4908	4001	rn1akabn1/8r/2c1b2c1/p1p1p1p1p/9/8P/P1P1P1P1R/1C2C4/9/RNBAKABN1 w - - 0 1	1r1Ckabn1/3n5/2c1b2c1/p1p1p3p/6p2/8P/P1P1P1P1R/N3B4/4AN3/R1BA1Kr2 w - - 0 1	f0e1 i8b8 b2d2 b8b1 e2g2 b9d8 g2g1 b1b4 g0e2 a9b9 b0a2 g6g5 d2d9 b4h4 h0f1 h4h1 e0f0 h1h0 g1g0 h0g0
33	16	black	loss	no_legal_moves	31	7364	7017	rnb1kabn1/4a1cr1/6c2/p3p1p1p/2p6/6P1P/P1P1P4/C1N1BC2N/4A4/R3KAB1R w - - 0 1	C1bak1P2/4a4/9/9/4R3P/1NP4N1/P3P4/4BC3/4A4/4KAB1R b - - 0 1	a0d0 b9c7 d0d4 c7d5 d4d5 c5c4 c3c4 i6i5 i4i5 g6g5 g4g5 e6e5 g5g6 e5e4 g6g7 e4f4 g7g8 f4g4 g8h8 g4h4 i2h4 a6a5 h8h9 a5a4 h9g9 a4b4 a2a9 e8d9 d5e5 f9e8 c2b4
41	20	black	loss	no_legal_moves	27	6380	6501	rn1akabn1/8r/2c1b2c1/p1p1p1p1p/9/8P/P1P1P1P1R/1C2C4/9/RNBAKABN1 w - - 0 1	r3kaCR1/2cna4/3r5/p8/2p3b2/P5P1P/2P1P4/N5C2/9/1RBAKAB2 b - - 0 1	b0a2 i8b8 a0b0 b8b4 a3a4 b4d4 e2e6 d9e8 b2e2 b9d8 e6i6 c7c8 i3h3 h7h0 h3h9 h0h8 h9h8 d4d7 i6i9 g6g5 h8h9 g5g4 g3g4 c6c5 e2g2 e7g5 i9g9
32	16	red	loss	no_legal_moves	44	10806	10492	rnb1kabn1/4a1cr1/6c2/p3p1p1p/2p6/6P1P/P1P1P4/C1N1BC2N/4A4/R3KAB1R w - - 0 1	4kab2/9/2n1ba3/4p4/2p6/C5B2/P1P6/C1NAB1n2/9/3AK2cc w - - 6 1	a0b0 b9c7 b0b4 a9b9 i0h0 h8h0 b4b9 c7b9 i2h0 g6g5 g0i2 g5g4 i2g4 b9c7 f2i2 g7i7 e0d0 i7i4 h0f1 e8f7 f1h0 c9e7 i2i6 h9g7 i6a6 g7f5 a6a4 i4i0 d0e0 g8h8 e0d0 f5h6 d0d1 h8h0 e1d2 h6f5 f0e1 f5e3 e1d0 i0i1 d1e1 e3g2 e1e0 i1i0
37	18	black	loss	no_legal_moves	31	7364	6602	rnbak1bnr/4a4/5c2c/p1p1p1p1p/9/9/P1P1P1P1P/1C2C3B/4A4/RNBAK2NR w - - 0 1	rnbakR3/1R2aP3/4c4/p5p2/9/2P4p1/P5P2/C1N1C4/4A4/2BAK1BN1 b - - 0 1	b0c2 b9c7 a0b0 c6c5 b2a2 i7i3 i2g0 i3i5 e3e4 h9g7 e4e5 c7b9 e5e6 i5i1 e6f6 f7e7 i0i1 c5c4 c3c4 i6i5 b0b8 i5i4 f6f7 i4h4 i1i9 h4i4 i9g9 g7f9 f7f8 i4h4 g9f9
44	22	red	loss	no_legal_moves	30	7361	6500	rnbakabn1/9/1c4c1r/pCp3p1p/4p4/9/P1P1P1P1P/2C1B4/9/RNBAKA1NR w - - 0 1	2bakabn1/9/n3c4/CCp5p/9/P3p1B2/2P1P1c1P/N3BKr2/4A2r1/R2A5 w - - 0 1	h0g2 i7h7 c2c1 b9a7 c1a1 a9a8 a3a4 a8d8 a1a6 g6g5 i0i1 g5g4 e2g4 h7h2 i1g1 e5e4 b0a2 b7e7 f0e1 g7g3 e0f0 h2h0 g1g0 h0g0 f0f1 d8h8 c0e2 h8h1 f1f2 g0g2
30	15	red	loss	no_legal_moves	52	12769	11634	r1b1kabnr/4a4/2n2c1c1/p1C1p1p1p/9/9/P1P1P1P1P/N6C1/9/R1BAKABNR w - - 0 1	4kab2/4a4/4b1c1n/p3p3p/9/7p1/P1P2r2P/N3B4/6n1c/2BA1K3 w - - 10 1	g0e2 g6g5 h2g2 h9i7 h0f1 c9e7 i0h0 i9h9 h0h6 h7g7 h6h9 i7h9 a0b0 a9d9 b0b4 d9d6 b4h4 d6c6 f1h0 h9i7 h0f1 c6c5 f0e1 c5f5 e0f0 f7f1 f0e0 f5f3 e0f0 f1i1 e1f2 f3f2 f0e0 f2g2 e0e1 g2g3 e1e0 g5g4 e0e1 g4h4 e1e0 g3e3 e0e1 c7d5 e1e0 d5f4 e0e1 f4h3 e1e0 h3g1 e0f0 e3f3
39	19	black	loss	no_legal_moves	47	11290	10565	1nbakabnr/9/r1c4c1/2p1p1p1p/p8/3C5/P1P1P1P1P/R6C1/9/1NBAKABNR w - - 0 1	1Cb1Rkbnr/1CP6/9/9/p5p2/4P2p1/P5P1P/6N2/N3A4/2B1KAB2 b - - 0 1	h2e2 f9e8 h0g2 a7b7 i0h0 h7e7 b0c2 i6i5 a2b2 b7b2 e2b2 c6c5 b2b8 c5c4 c3c4 g6g5 c2a1 e6e5 h0h8 c7c8 d4d8 i5i4 c4c5 e5e4 d0e1 i4h4 e3e4 h4i4 c5c6 i4h4 c6c7 h4i4 c7c8 i4h4 d8d4 h4i4 d4b4 i4h4 b4b9 h4i4 h8e8 e9f9 e8d8 i4h4 d8d9 e7e9 d9e9
31	15	black	loss	no_legal_moves	29	6875	6997	r1b1kabnr/4a4/2n2c1c1/p1C1p1p1p/9/9/P1P1P1P1P/N6C1/9/R1BAKABNR w - - 0 1	3Rkab2/2Cn5/5c3/p3p1r2/6bnp/2P6/P1N1P3P/3C2c2/9/2BAKAB2 b - - 0 1	h2c2 i6i5 h0g2 h9i7 a0b0 g6g5 c3c4 i7h5 b0b5 c9e7 g3g4 a9b9 b5b9 c7b9 g4g5 e7g5 i0i1 h7g7 i1b1 b9d8 c6c8 g7g2 c2d2 e8d9 a2c3 i9i6 b1b9 i6g6 b9d9
35	17	black	loss	no_legal_moves	55	13261	12997	r1bakab1r/9/2n3n1c/2p1p3p/p5p2/7C1/P1P1P1P1P/NcC1B1N2/8R/R2AKAB2 w - - 0 1	1cb1ka2C/4a4/9/4P1R2/P8/8P/2P6/N3B4/9/3AKAB2 b - - 1 1	a3a4 i9h9 h4e4 g9e7 a0b0 b2b9 b0b7 g7f5 c2c6 c7e8 b7b5 f5g3 a4a5 g3e4 e3e4 e8c7 g2e3 h9h3 e3c4 d9e8 i1d1 e7g9 b5g5 c9e7 c4d6 a9a8 g5f5 i7i8 f5f8 h3h9 d6c8 a8c8 c6c8 i6i5 f8h8 i5i4 h8h9 i4h4 c8i8 h4i4 i3i4 e6e5 e4e5 e7c9 d1d8 c7e6 e5e6 e8d9 h9g9 d9e8 i8i9 e8d9 d8e8 d9e8 g9g6
36	18	red	loss	no_legal_moves	50	12273	11099	rnbak1bnr/4a4/5c2c/p1p1p1p1p/9/9/P1P1P1P1P/1C2C3B/4A4/RNBAK2NR w - - 0 1	3ak1b2/4ac3/4b4/p7p/9/2p6/P2nP3P/B1C2n2B/4A1r1N/1N1A1K3 w - - 2 1	h0g2 b9c7 b0a2 g6g5 i0f0 h9g7 a0b0 a9b9 b2c2 b9b0 a2b0 i9h9 c3c4 c9e7 f0f2 i7i8 f2f4 i8f8 f4i4 f8g8 i4f4 h9h5 f4f6 g5g4 g3g4 c6c5 g2i1 c5c4 e2g2 c7d5 f6e6 f7f0 e0f0 g7e6 f0f1 h5h1 g2g1 e6f4 c0a2 g8f8 e1f2 f4d3 f2e1 d5f6 e1f2 h1g1 f1f0 f6g4 f2e1 g4f2
47	23	black	loss	no_legal_moves	19	4417	4506	r1bakabr1/9/c1n2c3/p1p1p3p/5n3/2P3p2/P3P3P/1CN1B2C1/3R1N3/2BAKAR2 w - - 0 1	r1bakabC1/6R2/2n2N3/p1N1p3p/c8/2P6/4P3P/1C2B4/3R5/2BAKA3 b - - 0 1	c2b4 a7a3 g0g4 g9e7 g4g6 f5g3 f1g3 a3a5 b4c6 a5a0 g3f5 a0a5 f5h6 a5a0 h2h9 e7g9 g6g8 a0a5 h6f7
34	17	red	loss	no_legal_moves	36	8836	7999	r1bakab1r/9/2n3n1c/2p1p3p/p5p2/7C1/P1P1P1P1P/NcC1B1N2/8R/R2AKAB2 w - - 0 1	1r1ak1b2/4a4/4b4/4p3p/p1p6/5p3/P3Pr2P/Ncc3N1B/1R2A1n2/3AK4 w - - 4 1	i1c1 a9b9 a0a1 g7f5 a1b1 i9h9 h4c4 c9e7 c1f1 f5g3 f1f6 c6c5 c4c7 i7c7 f6f4 h9h8 g0i2 g3e2 f0e1 e2c3 e0f0 f9e8 f0f1 h8h3 f1f0 g5g4 f0f1 g4f4 f1f0 c3e2 f0f1 c7c2 f1f0 h3f3 f0e0 e2g1
55	27	black	loss	no_legal_moves	31	7365	7498	2bakab1r/9/2n3c2/p1p1p3p/6p2/2P2R3/P3PnP1P/r2AB1N1C/1C1c5/1RBAK4 w - - 0 1	2bak2R1/3c1R3/2n6/p1p6/6P2/2P1p4/P3P3P/BC1A2N2/9/3A1KB2 b - - 6 1	b1b2 f3g1 e0f0 f9e8 c0a2 g1i2 b0b1 g7d7 e2g0 d1c1 b1c1 i2g1 c1g1 g5g4 g3g4 i6i5 g4g5 i5i4 f4i4 e6e5 i4i9 e5e4 i9g9 e8f9 g9f9 e9e8 f9f8 e8e9 g1h1 d7d8 h1h9
56	28	red	loss	no_legal_moves	28	6873	5553	2bakabr1/9/6c2/p3p1nPp/2pn5/9/P1P1P3P/NC2B1NR1/2C1A1r2/1cB1KA3 w - - 0 1	2baka3/9/9/p3p3p/2b6/9/P1P5P/B1Nr5/2n6/3K1n3 w - - 0 1	a2b0 g1g2 b2g2 g7g2 h2g2 h9h6 e0d0 g9e7 c1c5 e7c5 d0d1 d5e3 c0a2 e3g2 b0c2 g6f4 e1d2 g2f0 d1d0 f4e2 d2e1 h6h3 d0e0 e2c1 e0d0 h3d3 e1d2 d3d2
73	36	black	loss	no_legal_moves	37	8834	8506	r1b1kabnr/4a4/nc7/p1p1p1p1p/9/2P4c1/P3P1P1P/2C6/1C7/RNBAKABNR w - - 0 1	C1Crkabr1/4aR3/1P4n2/4p1p2/2R5p/6P2/4P3P/4B1N2/9/1N1AKAB2 b - - 0 1	h0g2 h9g7 g3g4 h4c4 c0e2 c4c5 a3a4 i9h9 i0i1 h9h5 i1f1 h5h2 f1f4 c9e7 b1a1 h2h5 a4a5 a9d9 a5b5 c5c3 b5b6 c3c5 b6b7 h5h9 a1a7 c5c3 a0a6 c3c5 a7a9 e7c9 a6c6 c5c3 f4f8 c3c5 c6c5 i6i5 c2c9
54	27	red	loss	no_legal_moves	18	4419	4001	2bakab1r/9/2n3c2/p1p1p3p/6p2/2P2R3/P3PnP1P/r2AB1N1C/1C1c5/1RBAK4 w - - 0 1	2bakab2/9/2nc5/p1p1p3p/6p2/2P6/P3PRP1P/3r2r2/1C1KA4/2B6 w - - 3 1	f4f3 a2b2 i2h2 i9h9 e0e1 h9h2 b0a0 h2g2 a0a2 b2a2 e1e0 a2d2 e0e1 d2e2 e1d1 g7d7 d0e1 e2d2
52	26	red	loss	no_legal_moves	34	8347	7502	1nb1kabnr/r3a4/1c1c5/p1p1p1p1p/9/2P6/P3P1P1P/8C/7C1/RNBAKABNR w - - 0 1	2b1kab2/4a4/3c2n2/p3p3p/9/3n5/P1p1P1P1P/B2A4C/1r2K4/2N5r w - - 6 1	b0c2 b7c7 h1g1 h9g7 a0b0 b9a7 f0e1 c6c5 g0e2 c5c4 g1g6 c4c3 c2a1 c7c6 g6c6 a7c6 e1d2 i9h9 i0i1 h9h0 e2g0 h0g0 e0e1 g0d0 c0a2 d0b0 i1i0 b0i0 e1e2 a8b8 a1c0 c6d4 e2e1 b8b1
59	29	black	loss	no_legal_moves	35	8346	8006	2bakab1r/2c6/2n3nc1/p3p1p1p/1r7/3R5/P3P1P1P/2N1CC3/9/2BAKABNR w - - 0 1	1C1Rkabr1/3R3c1/9/p3p1p2/9/5NPp1/P3P3P/9/9/2BAKAB2 b - - 0 1	d4d8 c8c2 f2c2 b5c5 d8d2 c7b5 h0g2 h7h1 g3g4 i9h9 i0h0 c5c2 d2c2 h1h8 c2c5 b5c3 c5c3 i6i5 c3c9 i5i4 h0h7 i4h4 g2f4 h4i4 e2b2 i4h4 b2b9 h4i4 h7g7 i4h4 g7g8 h4i4 g8d8 i4h4 c9d9
45	22	black	loss	no_legal_moves	35	8346	8498	rnbakabn1/9/1c4c1r/pCp3p1p/4p4/9/P1P1P1P1P/2C1B4/9/RNBAKA1NR w - - 0 1	Cn1akRbr1/1C1N5/4b1c1n/9/P2Np1P2/8p/2P1P3P/4B4/4A4/R1BAK4 b - - 0 1	h0g2 i7h7 a3a4 c9e7 f0e1 h9i7 b0a2 g6g5 i0f0 g5g4 g3g4 i6i5 f0f6 b7b8 g2f4 a6a5 a4a5 h7h9 g4g5 b8d8 a2b4 i5i4 b4c6 i4h4 f4d5 h4i4 b6b8 i4h4 c2a2 h4i4 a2a9 i4h4 c6d8 h4i4 f6f9
48	24	red	loss	no_legal_moves	42	10310	9120	r3kab2/4a4/2n1b3c/p1p1p3p/7n1/1NP3R2/PC2PRc1P/4C1N1B/1r7/2BAKA3 w - - 0 1	4kab2/4a4/4b4/p1p5p/4p4/2Pc5/6n1P/3n1rN1B/9/3A1K3 w - - 0 1	g4h4 b1b3 f0e1 b3b4 f3g3 b4b5 e2f2 i7h7 e0f0 h7h4 f0f1 h4d4 c0a2 h5g3 f1f0 a9b9 f0f1 b5f5 f1f0 b9b3 f0f1 b3e3 f1f0 e3a3 f0f1 a3a2 f1f0 e6e5 f0f1 f5f3 f1f0 c7e6 f0f1 e6g5 f1f0 g5e4 f0f1 a2f2 e1f2 e4d2 f1f0 f3f2
51	25	black	loss	no_legal_moves	27	6382	5616	2bakab1r/9/n3c1nCc/p1p1p3p/6p2/P8/2P1P1P1P/N1C3N2/4Ar3/R1BAK1BR1 w - - 0 1	2C1k1R2/2R6/9/p1p1p3p/9/P7p/2P1P1P1P/N1C3N2/4A4/2BAK1B2 b - - 0 1	h7e7 i9h9 e7i7 f1f8 h0h9 g5g4 h9g9 g4h4 g9g7 h4i4 i7i9 f9e8 g7g9 f8f9 i9f9 i4h4 f9d9 e8f9 d9f9 h4i4 a0b0 i4h4 b0b8 a7c8 b8c8 h4i4 f9c9
50	25	red	loss	no_legal_moves	28	6866	5619	2bakab1r/9/n3c1nCc/p1p1p3p/6p2/P8/2P1P1P1P/N1C3N2/4Ar3/R1BAK1BR1 w - - 0 1	2bakab2/9/n4c3/p1p1p3p/5np2/P8/2P1P3P/B3B4/C2r5/2RAKr3 w - - 2 1	h7e7 i7e7 a2b4 i9i8 c2c1 f1f3 b4d5 i8d8 c1a1 d8d5 h0h9 g7h9 g0e2 h9g7 c0a2 f3g3 e0f0 g3g2 f0f1 g7f5 a0c0 e7f7 e1f2 d5d1 f1f0 g2f2 f0e0 f2f0
46	23	red	loss	no_legal_moves	36	8833	8488	r1bakabr1/9/c1n2c3/p1p1p3p/5n3/2P3p2/P3P3P/1CN1B2C1/3R1N3/2BAKAR2 w - - 0 1	4kab2/4a4/2n1bc3/2p1p3p/9/1pP6/2c1Pn2P/BC2BK1C1/6R2/3A5 w - - 1 1	c2b4 a7a3 g0g4 c9e7 d1d3 a3a4 g4g1 h9h3 d0e1 d9e8 e1d0 a9d9 d3d9 e9d9 b2d2 d9e9 c0a2 a4a3 a2c0 a3c3 d2b2 a6a5 c0a2 a5a4 f0e1 a4b4 e0f0 f5d4 f1g3 h3g3 f0f1 g3f3 e1f2 f3f2 f1f2 d4f3
42	21	red	loss	no_legal_moves	84	20645	20483	rnbakabnr/9/5c2c/p1p1p3p/6p2/2P6/P3P1P1P/1C7/2C6/RNBAKABNR w - - 0 1	4ka3/4a4/4b4/p3c4/2bn2n2/P3p4/7p1/4p4/C1C1AN3/2cA1K3 w - - 0 1	h0g2 h9g7 i0h0 i9h9 h0h9 g7h9 c4c5 c9e7 c5b5 c6c5 b5c5 d9e8 b0c2 b9a7 a0a1 a9b9 a1a2 h9g7 g0e2 g7f5 c1b1 b9c9 b1c1 f5g3 b2b3 g3f5 b3b5 f5g3 f0e1 c9d9 b5b1 i7g7 g2h0 e7c5 a2b2 f7c7 h0f1 g9e7 a3a4 c7c8 i3i4 e6e5 b1a1 d9b9 b2b9 a7b9 e0f0 g3i4 f0e0 c8c2 e0f0 b9c7 f0e0 g5g4 e0f0 g4f4 f0e0 i4g5 e0f0 i6i5 f0e0 f4f3 e0f0 i5i4 f0e0 i4h4 e0f0 h4h3 f0e0 g7h7 e0f0 h7h6 f0e0 h6e6 e0f0 f3e3 f0e0 e5e4 e0f0 c7d5 f0e0 e3e2 e0f0 c2c0
69	34	black	loss	no_legal_moves	21	4908	5002	r1bakabr1/9/2n3n2/p1p1p3p/9/2c3C2/P3P2cP/N3C1N2/9/R1BAKABR1 w - - 0 1	r1baka1r1/7c1/4C1N2/p3C3p/2b6/5p3/P1N1P3P/9/R8/2BAKABR1 b - - 6 1	a0a1 g9e7 g4g6 c6c5 g2f4 h3h2 e2g2 c4c3 a2c3 h2h8 g2g7 c5c4 g7c7 c4d4 f4e6 d4e4 e6g7 e4f4 g6e6 e7c5 c7e7
38	19	red	loss	no_legal_moves	72	17702	16988	1nbakabnr/9/r1c4c1/2p1p1p1p/p8/3C5/P1P1P1P1P/R6C1/9/1NBAKABNR w - - 0 1	2baka3/9/5cR1b/2p3p1p/9/p2r2P1P/2P6/3K5/9/9 w - - 10 1	h2e2 f9e8 a2b2 a7b7 e2e6 c7e7 i0i2 b7b2 i2b2 h9g7 e6e4 b9c7 d4d7 i9h9 d7g7 c7e6 h0i2 e6g7 b2f2 h7h3 f2f7 h9h4 e4e6 h3e3 f7g7 g9i7 a3a4 h4e4 e6e3 e4e3 c0e2 e3e2 f0e1 e2g2 e1f0 g2g0 e0e1 g0i0 b0d1 i0i2 e1e0 i2d2 e0e1 d2h2 e1e0 h2h1 d1f2 h1f1 f2h1 f1h1 i3i4 a5a4 g3g4 h1h3 e0e1 h3e3 e1d1 e3d3 d1e1 d3d0 e1e2 d0f0 e2e1 f0f4 e1e2 f4e4 e2d2 e7f7 d2d1 e8f9 d1d2 e4d4
71	35	black	loss	no_legal_moves	31	7365	7496	rnbakab1r/9/6c1n/p1p1p1p1p/9/7c1/P1P1P1P1P/2CC5/9/RNBAKABNR w - - 0 1	1nbakab2/r8/7Rn/p1p1C4/4C4/8p/P1P1P3P/N8/9/2BAKABN1 b - - 5 1	b0a2 g7f7 g3g4 h4h1 i0i2 i9h9 i2h2 h9h2 c2h2 f7h7 a0a1 a9a8 d2e2 h1c1 h2g2 c1c2 g2c2 i6i5 e2e6 i5i4 a1h1 i4h4 h1h4 g6g5 h4h7 g5g4 c2g2 g4h4 g2g5 h4i4 g5e5
88	44	red	loss	no_legal_moves	32	7855	7494	rnbakab2/8r/1c2c3n/p1p1p1p1p/9/9/P1P1P1P1P/1CN1B4/7C1/R2AKABNR w - - 0 1	r1bakab2/9/2c2c2n/4p1p1p/p3n4/2B6/PCP1P1P1P/4BAN2/1r2AK3/6R2 w - - 2 1	a0c0 b7c7 c0a0 b9a7 h1b1 i8d8 i0i1 c6c5 h0g2 c5c4 e2c4 a7c6 a0a2 a6a5 b2b3 d8d2 i1g1 c6d4 g0e2 d2c2 f0e1 c2a2 e0f0 a2b2 f0f1 d4f3 g1g0 e7f7 e1f2 b2b1 d0e1 f3e5
74	37	red	loss	no_legal_moves	28	6874	5599	2bakabr1/9/n5n2/p2Cp3p/2R1c1p2/2PN5/P5PcP/3CB1N2/4A3R/1r2KAB2 w - - 0 1	4k1b2/3Ra4/n2C2n2/p3p3p/4c1pc1/2P6/P2r4P/4B4/3K5/5AB2 w - - 1 1	d2d0 b0b6 c5c9 h9h4 g3g4 h4g4 d4c6 b6c6 c9d9 e9e8 i1h1 h3h5 d9d8 e8e9 d6d2 f9e8 d2d7 g4g2 d0d6 g2g3 e0d0 c6d6 e1d2 d6d2 h1d1 d2d1 d0d1 g3d3
62	31	red	loss	no_legal_moves	48	11781	11492	rnbakabn1/9/c6cr/p1p1p3p/6p2/9/P1P1P1P1P/NC1C5/R8/2BAKABNR w - - 0 1	2b1kab2/4a4/5c3/2p1p3p/pn7/3nP1pR1/P1P6/N2CBA3/4AK3/6r2 w - - 6 1	i0i2 h7e7 h0g2 b9c7 b2b4 i7f7 g0e2 a6a5 a1b1 a9b9 i2h2 h9g7 b1b0 g7f5 b4f4 f5d4 b0b9 c7b9 f4e4 e7e4 e3e4 f7f3 h2h7 a7e7 h7h4 f3g3 g2h0 b9a7 h0f1 g3i3 f0e1 a7b5 e0f0 i3f3 f0e0 f3f1 e1f2 f1i1 e0f0 i1i0 e2g0 i0g0 f0f1 d9e8 d0e1 g5g4 c0e2 e7f7
70	35	red	loss	no_legal_moves	46	11294	10496	rnbakab1r/9/6c1n/p1p1p1p1p/9/7c1/P1P1P1P1P/2CC5/9/RNBAKABNR w - - 0 1	3akab2/9/2n1b4/p3p4/2p3pnp/2B3P2/P1P1P4/N4r3/4r3c/2B2K3 w - - 0 1	b0a2 b9c7 h0g2 g6g5 g0e2 i9h9 f0e1 c9e7 c2b2 c6c5 i0f0 i6i5 f0f4 h4h0 g2h0 h9h0 e1f0 i7h5 a0b0 g7i7 g3g4 i7i3 b0b1 i3i0 e0e1 h0h1 f4f1 i0i1 f1g1 h1g1 e1e0 g1b1 f0e1 b1b2 e0f0 a9a8 f0f1 a8f8 e1f2 b2d2 d0e1 d2d1 f1f0 d1e1 e2c4 f8f2
49	24	black	loss	no_legal_moves	49	11790	11019	r3kab2/4a4/2n1b3c/p1p1p3p/7n1/1NP3R2/PC2PRc1P/4C1N1B/1r7/2BAKA3 w - - 0 1	3k2b2/2C3N2/3Rb4/p3p4/9/8p/4P4/8B/9/2BAKA3 b - - 0 1	g4h4 b1b3 f3g3 b3b4 h4h5 b4c4 g3g7 c4c5 g2f4 i7i3 h5c5 c6c5 e2c2 a9a7 f4h5 i3a3 h5f6 a3a0 f6g8 e9d9 g7g4 c7d5 c2d2 e8d7 g4a4 a7a8 g8h6 a0a3 a4a3 c5c4 a3d3 c4d4 d3d4 d5f4 d4f4 d7e8 h6g8 i6i5 f4d4 e8d7 d4d7 a8d8 d2d8 f9e8 d7d6 i5i4 d8c8 e8d7 d6d7
67	33	black	loss	no_legal_moves	39	9334	8573	1r2kab2/4a4/2R1b3n/p3p1p2/8p/5cP2/Pc2r3P/2NCB3C/1R2A4/4KAB2 w - - 0 1	3R1k3/4Rc3/9/3N5/P8/6P2/9/4B3B/4A4/4KA3 b - - 0 1	d2d7 e3i3 d7i7 g9i7 c7e7 b3b8 b1b6 i3i4 e7i7 i4i2 g0i2 f4f8 i7i5 g6g5 i5g5 e6e5 g5e5 a6a5 c2e3 a5a4 a3a4 f8f1 e3f5 f1f4 a4a5 f4f1 e5b5 f1f4 b6b8 f4f1 b8b9 e8d9 f5d6 f1f8 b5e5 f9e8 e5e8 e9f9 b9d9
53	26	black	loss	no_legal_moves	27	6372	6007	1nb1kabnr/r3a4/1c1c5/p1p1p1p1p/9/2P6/P3P1P1P/8C/7C1/RNBAKABNR w - - 0 1	3akaCCr/4r4/4R4/p1p1p3p/9/2P4p1/P3P1P1P/2N6/9/2BAKABN1 b - - 0 1	b0c2 b7c7 a0b0 g6g5 b0b9 g5g4 b9c9 d7d9 c9c7 g4h4 c7h7 h4i4 h1h9 i4h4 i0i1 h4i4 i1b1 i4h4 b1b9 h4i4 b9d9 e8d9 i2g2 i4h4 h7e7 a8e8 g2g9
61	30	black	loss	no_legal_moves	31	7364	7228	r1bakab1r/9/nc2c1n2/p1p1p1p1p/9/9/PCP1P1P1P/N2C5/9/R1BAKABNR w - - 0 1	r1bakabr1/1c7/n2R5/2p1C3p/4CN3/4p4/P1P3P1P/N8/4A4/1RBAK1B2 b - - 10 1	h0g2 i9h9 f0e1 a6a5 g0e2 b7c7 i0f0 c7c8 b3b6 g6g5 a0b0 d9e8 f0f4 e7e3 g2e3 g5g4 f4g4 a5a4 g4g7 a4b4 b6e6 e8d9 e2g0 b4c4 e3f5 c4d4 g7d7 d4e4 d2d5 c8b8 d5e5
66	33	red	loss	no_legal_moves	38	9334	8031	1r2kab2/4a4/2R1b3n/p3p1p2/8p/5cP2/Pc2r3P/2NCB3C/1R2A4/4KAB2 w - - 0 1	4kab2/4a4/9/4R4/6b1p/9/P8/2NrB4/4K1n1c/5A3 w - - 4 1	d2d7 e3e4 d7d3 f4f7 c7c3 b3b2 d3d2 e4b4 c3c6 b4b7 b1b2 b7b2 d2b2 b9b2 g4g5 g6g5 c6a6 i7h5 e0d0 h5g3 i2g2 b2b3 a6e6 f7i7 d0e0 i7i3 g2g5 e7g5 g0i2 g3i2 e0d0 b3d3 e1d2 d3d2 d0e0 i2g1 e0e1 i3i1
60	30	red	loss	no_legal_moves	44	10797	10001	r1bakab1r/9/nc2c1n2/p1p1p1p1p/9/9/PCP1P1P1P/N2C5/9/R1BAKABNR w - - 0 1	2bak4/3ca1c2/n3b1n2/2p1p3p/p5p2/2P1P4/P4rP1P/1R1CB3B/2r1AK3/3A5 w - - 0 1	h0g2 i9h9 d0e1 b7d7 i0i1 a6a5 i1f1 h9h5 a0b0 a9b9 c0e2 b9b5 f1f4 e7e8 a2c1 e8h8 b3b4 g9e7 b4b3 f9e8 c3c4 h8g8 e3e4 g6g5 f4f8 d7d8 f8f3 h5h3 g2h0 h3h0 g0i2 h0h9 b0b2 h9f9 e1d0 f9f3 f0e1 f3c3 e0f0 c3c1 f0f1 b5f5 b3f3 f5f3
63	31	black	loss	no_legal_moves	43	10311	10495	rnbakabn1/9/c6cr/p1p1p3p/6p2/9/P1P1P1P1P/NC1C5/R8/2BAKABNR w - - 0 1	r2akRC2/4a1c2/n3b4/N8/9/P4R2p/4P3P/C8/9/2BAKAB2 b - - 4 1	a3a4 c6c5 h0g2 h7f7 c3c4 c5c4 a1c1 h9g7 c1c4 c9e7 i0i1 g7f5 i1d1 i7g7 a2b4 a7a8 d2c2 a8g8 b2a2 g5g4 b4a6 b9a7 g3g4 i6i5 d1d5 i5i4 d5f5 i4h4 g2h4 e6e5 c2g2 e5e4 g2g7 e4f4 f5f7 f4g4 f7f8 g4h4 g7g9 f9e8 c4f4 h4i4 f8f9
89	44	black	loss	no_legal_moves	25	5891	5999	rnbakab2/8r/1c2c3n/p1p1p1p1p/9/9/P1P1P1P1P/1CN1B4/7C1/R2AKABNR w - - 0 1	r1bakaC2/1c1R2n1r/n8/p3C3p/9/1NP4p1/P3P1P1P/4B4/4A4/4KABR1 b - - 0 1	c3c4 b9a7 h1h6 e6e5 h0g2 b7d7 c2b4 d7d2 d0e1 d2g2 b2g2 i7g8 i0h0 e7b7 h6c6 e5e4 c6e6 e4f4 g2g6 f4g4 a0d0 g4h4 d0d8 b7b8 g6g9
103	51	black	loss	no_legal_moves	29	6868	6999	1cbakabnr/r8/2n4c1/p1p1p1p1p/9/9/P1P1P1P1P/1C4N2/C8/RNBAKAB1R w - - 0 1	2bakab2/2N1n4/4c1n2/C3p1R1p/1r7/3p2P2/P3P3P/4B1N2/4A4/3RKAB2 b - - 2 1	i0h0 h7e7 c0e2 h9g7 b0c2 i9i8 g3g4 i8c8 c3c4 a8b8 b2b9 b8b9 h0h6 c7e8 c2d4 c8c7 h6g6 b9b5 d0e1 c7d7 a0d0 d7d6 a1a6 c6c5 d4f5 c5c4 f5d6 c4d4 d6c8
84	42	red	loss	no_legal_moves	38	9327	8991	rnbakabn1/8r/1c7/p1p1p3p/6pc1/2P6/P3P1P1P/1CC6/4A4/RNBAK1BNR w - - 0 1	2bakab2/8r/n8/2p1p3p/p4n3/2P2c1p1/P7r/N2CBA3/4AK3/2B6 w - - 0 1	h0g2 h9g7 i0h0 b9a7 h0h4 b7c7 b0a2 a6a5 g3g4 a9b9 a0b0 b9b5 c2f2 c7c8 b2d2 b5b0 g0e2 g5g4 e0f0 g4h4 f0f1 c8f8 g2f4 b0b7 f1f0 h5f5 f0f1 b7b3 f1f0 b3e3 f0f1 f8f4 f2f5 e3f3 e1f2 g7f5 d0e1 f3i3
65	32	black	loss	no_legal_moves	47	11289	11498	2bak1b2/4a4/n1cc2n2/1Rp1p3p/p6r1/2P6/P3P3P/N1C1B1N2/4A1C2/4KAB2 w - - 0 1	3akac2/2N2r3/9/4R2N1/9/4p4/P3P3P/4B4/9/4KAB2 b - - 5 1	c2c6 a7c6 b6c6 c7a7 c6c9 h5h1 g1g7 a7g7 g2f4 h1h2 c9c6 h2h4 f4e6 g7g2 a2b0 g9e7 e1f2 d7d3 e6g7 h4f4 c6i6 f4f2 i6i9 e8f9 i9i5 g2g5 b0c2 d3c3 g7i8 f2f8 i8h6 c3b3 c2d4 b3b9 d4c6 g5g9 i5b5 a5a4 b5b9 a4b4 c6e7 b4c4 b9b6 c4d4 b6e6 d4e4 e7c8
64	32	red	loss	no_legal_moves	28	6874	5622	2bak1b2/4a4/n1cc2n2/1Rp1p3p/p6r1/2P6/P3P3P/N1C1B1N2/4A1C2/4KAB2 w - - 0 1	2bak4/4a4/3cb1c2/4p4/p7C/5N3/P1n1P3P/3K4B/3rA4/3A5 w - - 8 1	a2c1 h5h1 g1g7 c7g7 c4c5 h1h5 c2c6 h5c5 c6i6 c5c1 g2f4 g9e7 i6i5 c1c6 g0i2 c6b6 e0d0 b6b0 e2c0 b0c0 d0d1 a7b5 e1d0 c0c1 d1d2 b5c3 f0e1 c1d1
85	42	black	loss	no_legal_moves	29	6871	6137	rnbakabn1/8r/1c7/p1p1p3p/6pc1/2P6/P3P1P1P/1CC6/4A4/RNBAK1BNR w - - 0 1	CC2kab1r/3Ra4/6n2/p1P1p4/9/7p1/P3P1P2/N8/4A4/2BAK1B2 b - - 2 1	h0i2 h5i5 i0h0 h9g7 i3i4 i5i2 b2i2 b7b8 b0a2 i8i9 a0b0 g5g4 b0b8 g4h4 h0h4 i6i5 c4c5 i5i4 c5c6 i4h4 c2c9 d9e8 i2b2 h4i4 c9a9 b9d8 b8d8 i4h4 b2b9
68	34	red	loss	no_legal_moves	18	4415	3505	r1bakabr1/9/2n3n2/p1p1p3p/9/2c3C2/P3P2cP/N3C1N2/9/R1BAKABR1 w - - 0 1	3akab2/9/2n1b1n2/p1p1p3p/9/5rc2/c3P3P/N3CK2B/4A4/R1BA5 w - - 0 1	g0i2 c9e7 g2f4 c4g4 h0h2 a9a8 f0e1 a8f8 e0f0 f8f4 e1f2 h3f3 f2e1 h9h2 f0f1 h2f2 f1f2 f3a3
77	38	black	loss	no_legal_moves	31	7361	6608	3akab2/r7r/2n1b1c2/p1p1p3p/1c3np2/1NP6/P3P1P1P/C3B2C1/3R1N3/2BAKA1R1 w - - 0 1	1CCk1ab2/3ra4/4b4/9/9/2P1p2RP/P3P1P2/4B4/5N3/2BAKA3 b - - 1 1	a2c2 i8d8 d1d8 a8d8 h2h5 f5d4 h5b5 g7h7 h0h7 d4f3 b5b7 f3g1 h7h1 g1h3 h1h3 g5g4 b4a6 g4h4 h3h4 i6i5 a6c7 i5i4 i3i4 e6e5 c2c6 e5e4 b7b9 d9e8 c7d9 e9d9 c6c9
82	41	red	loss	no_legal_moves	28	6873	5620	rnbakab1r/9/1c4n2/p1p1p1p1p/6c2/9/P1P1P1P1P/5CC1N/9/RNBAKAB1R w - - 0 1	2bakab2/9/n5n2/p1p1p3p/6p2/2P6/P3P1P1P/B2AB4/4Kr3/5r3 w - - 0 1	g2g5 g6g5 i0h0 b9a7 c3c4 a9b9 h0h8 b7c7 d0e1 b9b1 e0d0 c7b7 g0e2 b7b0 a0b0 b1b0 d0d1 i9i8 c0a2 i8h8 e1d2 b0f0 d1e1 h8h1 i2g1 h1g1 f2f1 g1f1
75	37	black	loss	no_legal_moves	23	5394	5007	2bakabr1/9/n5n2/p2Cp3p/2R1c1p2/2PN5/P5PcP/3CB1N2/4A3R/1r2KAB2 w - - 0 1	3R1abc1/2r1k1R2/4b4/pC2p4/4c4/P1PN4p/6P1P/4B1N2/4A4/3CKAB2 b - - 2 1	d2d0 b0b6 a3a4 h9h8 i1f1 c9e7 f1f7 e5e4 c5c7 h8c8 c7a7 h3h9 f7g7 e4e5 d6i6 g5g4 i6b6 g4h4 a7a9 h4i4 a9d9 e9e8 g7g8
57	28	black	loss	no_legal_moves	57	13754	12072	2bakabr1/9/6c2/p3p1nPp/2pn5/9/P1P1P3P/NC2B1NR1/2C1A1r2/1cB1KA3 w - - 0 1	5k3/9/5R3/p8/9/2B4p1/P3P3P/B4A3/4C4/1N2KA3 b - - 8 1	a2b0 g1g2 b2g2 g7g2 h2g2 g6e7 g2h2 h9h8 c3c4 c5c4 c1c9 d9e8 h6h7 h8f8 e2c4 f8f4 c0a2 f4f7 h2b2 e7c6 b2b9 c6a7 b9a9 a7c8 a9b9 c8a7 b9a9 a7c8 a9b9 f7h7 c9f9 e8d9 f9d9 d5f4 d9g9 e9e8 b9b8 f4h3 b8c8 e8e9 c8g8 h3f2 e1f2 i6i5 g8g6 i5i4 g6e6 h7e7 e6e7 e9d9 g9g1 i4h4 e7d7 d9e9 g1e1 e9f9 d7f7
76	38	red	loss	no_legal_moves	26	6376	5996	3akab2/r7r/2n1b1c2/p1p1p3p/1c3np2/1NP6/P3P1P1P/C3B2C1/3R1N3/2BAKA1R1 w - - 0 1	3akab2/9/4b4/p3p3p/1c3n3/1Np6/P3P1p1P/C3B4/3rAN1R1/2cAK4 w - - 0 1	h2h5 i8f8 h0h2 a8b8 h5h7 g7f7 h7h5 f7i7 h2h0 g5g4 h5h7 g4g3 h7c7 i7c7 d1d3 b8d8 d3d8 f8d8 h0h1 c6c5 f0e1 c5c4 e0f0 d8d1 f0e0 c7c0
99	49	black	loss	no_legal_moves	19	4417	4504	2baka3/r2r5/1c2b1n2/p7p/2pnp2c1/3R5/P1P1P3P/1CN1B1N1C/5R3/2BAKA3 w - - 0 1	1cbaka1c1/R5N2/4b1n2/p7p/1Cp6/4P3p/P1P5P/4B1N1C/3R5/2BAKA3 b - - 10 1	b2b5 b7b9 f1d1 h5h9 d4d5 e5e4 d5d8 e4f4 d8a8 f4g4 e3e4 g4h4 c2e3 h4i4 e3g4 i4h4 g4f6 h4i4 f6g8
90	45	red	loss	no_legal_moves	12	2946	2500	rnb1kabnr/4a4/3cc4/p1p1p1p1p/9/9/P1P1P1P1P/1C2B2C1/4AN3/RNB1KA2R w - - 0 1	2b1kab1r/4a4/2nc2n2/p1p1p1p1p/3c5/2P6/P3P1P1P/BrN1B2CR/3KAN3/R4A3 w - - 6 1	b0c2 b9c7 c3c4 a9b9 i0i2 b9b2 e0d0 h9g7 d0d1 d7d5 c0a2 e7d7
86	43	red	loss	no_legal_moves	62	15221	14090	1nbakabnr/9/r6c1/p1p1p3p/1c4p2/2P2C3/P3P1P1P/7C1/9/RNBAKABNR w - - 0 1	2bak1b2/4a4/n8/3Pp3p/p2R5/6B2/P3P3P/9/4rr3/1cBA1K2R w - - 2 1	b0c2 b5e5 g0e2 a7f7 f4d4 h9g7 a0a1 h7i7 i0i1 i9h9 a1h1 f7f4 h1f1 f4f5 f1h1 h9h5 f0e1 e5b5 i1i0 b5b1 e1f0 f5b5 c4c5 b5b3 c5c6 i7h7 d4d2 g7f5 h1f1 f5g3 f1f3 h7h2 d2h2 h5h2 f3g3 h2h1 g3g5 b3b2 c2e1 b1b0 g5d5 b9a7 c6d6 a6a5 e2g4 f9e8 e1f3 b2f2 i0i2 f2f3 h0f1 h1f1 f0e1 f1g1 e1d2 f3f1 i2i0 f1d1 d2e1 d1e1 e0f0 g1f1
78	39	red	loss	no_legal_moves	38	9326	8992	r1bakabnr/9/c1n5c/p1p1p1p1p/9/9/P1P1P1P1P/C1N3C2/9/R1BAKABNR w - - 0 1	2bakab2/9/7rc/p3p3p/1Rp1c4/8P/P1Pnn1P2/3A4N/C2NKC3/3A2B2 w - - 4 1	a0b0 c6c5 h0i2 h9g7 i0h0 a9b9 b0b9 c7b9 h0h6 i9h9 h6g6 b9c7 i3i4 h9h7 c0e2 c7d5 g2f2 d5f4 g6g4 f4d3 c2b0 d3c1 b0d1 g7f5 a2a1 f5e3 g4b4 e3d5 f2f1 c1d3 b4b5 a7e7 f0e1 e7e2 e1d2 e2e5 e0e1 d5e3
79	39	black	loss	no_legal_moves	29	6873	6504	r1bakabnr/9/c1n5c/p1p1p1p1p/9/9/P1P1P1P1P/C1N3C2/9/R1BAKABNR w - - 0 1	2Cakabn1/4r4/c1R1c4/4C4/8p/2P5p/P3P1P1P/2N3N2/4A4/2BAK1B2 b - - 0 1	a0b0 i6i5 c3c4 i9i8 h0i2 i8h8 g2g6 i7e7 i0h0 h8h0 i2h0 e6e5 h0g2 e5e4 f0e1 a9a8 b0b6 a8g8 b6c6 g8e8 c6c7 e4f4 g6e6 f4g4 a2a6 g4h4 a6c6 h4i4 c6c9
118	59	red	loss	no_legal_moves	38	9323	8996	r3kabnr/4a4/1cn1b2c1/p1p1p1p1p/9/P1P6/4P1P1P/1CC6/9/RNBAKABNR w - - 0 1	4kab2/4a4/3c4n/p3p1p1p/2b6/P8/3r2P1P/1Cn1B1N1B/1R1K5/3A1A3 w - - 6 1	i0i2 h9i7 i2i1 i9h9 h0g2 h7g7 c0e2 h9h5 i1d1 c6c5 d0e1 b7a7 d1d6 a9b9 b0d1 h5d5 d6d5 c7d5 c4c5 e7c5 a0b0 c5e7 c2c5 e7c5 g0i2 a7d7 e0d0 d7d1 d0d1 g7d7 e1d2 d5e3 d2e1 e3c2 b0b1 b9b3 e1d0 b3d3
81	40	black	loss	no_legal_moves	47	11290	11059	2bak1br1/1R2a4/n1c3n2/p1p1p3p/3r2p2/P1P6/4P1P1P/C1N1B1N1C/7c1/2BAKA1R1 w - - 0 1	2bakR2C/9/n3c1N2/9/9/2p1P4/8P/4C4/4A4/2BAK4 b - - 0 1	f0e1 c6c5 c4c5 d5c5 c2d4 h1h3 b8b5 c5c3 g3g4 h3h5 b5b7 h5h7 d4b5 c3c6 b5c7 g5g4 b7b4 h7c7 h0h9 g7h9 b4g4 h9g7 g4g7 i6i5 g7g9 e8f9 i2i5 e6e5 g9g5 e5e4 i5i9 f9e8 g5g9 e8f9 e3e4 c6c0 e2c0 a6a5 g2f4 a5a4 a2e2 c7e7 f4e6 a4b4 e6g7 b4c4 g9f9
100	50	red	loss	no_legal_moves	32	7847	7499	rnbakabn1/5r3/1c2c4/p1p1p1p1p/9/6P2/P1P1P3P/1C2C4/9/RNBAKABNR w - - 0 1	3akab2/7R1/3cb1c1n/1r2p1p1p/1n7/6P2/p3P3P/N1rAB1N2/3KA4/2B6 w - - 2 1	d0e1 b9c7 h0g2 b7a7 b0a2 a9b9 a0b0 h9i7 i0h0 f8f5 b2b6 c6c5 e2c2 a6a5 c3c4 e7g7 g0e2 c9e7 c4c5 f5c5 h0h8 c5c2 e0d0 a5a4 d0d1 a4a3 b0b5 c7b5 e1d2 b9b6 f0e1 a7d7
72	36	red	loss	no_legal_moves	26	6374	5996	r1b1kabnr/4a4/nc7/p1p1p1p1p/9/2P4c1/P3P1P1P/2C6/1C7/RNBAKABNR w - - 0 1	2b1kab2/4a4/n5n2/p1p1p1p1p/9/2P6/P1C1P1P1P/R3BKc2/1r3r3/9 w - - 2 1	h0g2 h9g7 c2c3 i9h9 g0e2 b7b2 i0h0 b2g2 h0h4 h9h4 f0e1 a9b9 e0f0 h4h0 e2g0 h0g0 f0f1 b9b1 c0e2 g0d0 b0d1 d0d1 a0a2 d1e1 f1f2 e1f1
114	57	red	loss	no_legal_moves	26	6383	4605	1nb1ka1r1/4a4/4b1c1n/p1p1C3p/9/5R3/P1P1P1P1P/2NC5/4N4/2BAKAc2 w - - 0 1	4ka3/4a4/4b4/p1p1R4/8p/9/P1P1P1P1P/2NC2n2/9/3AKr2c w - - 0 1	e1g0 g7g0 f0e1 b9c7 e6e4 g0i0 e0f0 c7e6 f4f6 i6i5 f0f1 h9h1 f1f0 i7h5 f6e6 h5f4 f0e0 f4g2 e4e7 c9e7 c0e2 h1h0 e2g0 h0g0 e1f0 g0f0
101	50	black	loss	no_legal_moves	15	3433	3503	rnbakabn1/5r3/1c2c4/p1p1p1p1p/9/6P2/P1P1P3P/1C2C4/9/RNBAKABNR w - - 0 1	rnbakab2/5r3/1R6n/p1p1C1p2/9/4C1Pp1/P1P1P3P/6N2/9/RNBAKAB2 b - - 4 1	h0g2 i6i5 i0h0 h9i7 b2d2 e7h7 h0h7 i5i4 h7b7 i4h4 e2e6 h4i4 d2d4 i4h4 d4e4
80	40	red	loss	no_legal_moves	42	10299	9997	2bak1br1/1R2a4/n1c3n2/p1p1p3p/3r2p2/P1P6/4P1P1P/C1N1B1N1C/7c1/2BAKA1R1 w - - 0 1	2bak4/4a4/4b1n2/p3p3C/6p2/P4R3/4P1P1P/1ccK1A3/2r6/7N1 w - - 6 1	i2i0 g9e7 f0e1 c6c5 b8b7 d5d7 b7b4 h1h6 c2a1 c5c4 b4c4 a7c6 c4f4 h6h1 f4f1 h1h2 a2c2 c6d4 f1f4 c7b7 c2d2 d4e2 c0e2 h2e2 e1f2 h9h0 g2h0 d7d2 i0i6 b7b0 a1c0 d2d0 e0e1 d0e0 e1d1 e0c0 h0f1 e2c2 f1h0 c0c1 d1d2 b0b2
94	47	red	loss	no_legal_moves	14	3434	2220	2bakab2/5r2r/n1c1c1n2/pCp1p1p1p/9/6P2/P1P1P3P/2N1B1C2/5N3/1RBAKA1R1 w - - 0 1	2bakab2/5r3/nR7/p1p1n1p1p/9/6P2/P1P1c3P/B1NNB4/4A4/3AK1r2 w - - 0 1	f1d2 c7b7 b6e6 g7e6 h0h5 e7e3 f0e1 i8h8 c0a2 h8h5 b0b7 h5h0 g2g0 h0g0
92	46	red	loss	no_legal_moves	38	9328	8994	r2akabn1/3n5/2c1b3c/p1p1p3p/6p2/P1P6/4P1P1P/1C2B1N2/8C/RN1AKAB2 w - - 0 1	3ak1b2/4a4/4b1n2/p1R5p/3n5/P1P3p2/8P/9/2c1A4/3A1K2r w - - 4 1	a0a3 a9b9 b0d1 d8f7 a3d3 f7h6 d3d6 h9g7 e3e4 h6f5 e4e5 e6e5 i1e1 i7i8 g3g4 g5g4 d6c6 c7d7 e1e5 i8e8 e5e8 f9e8 g2e3 f5e3 g0i2 e3d5 f0e1 d7d1 e0f0 b9b2 f0e0 b2e2 e0f0 e2i2 f0e0 d1c1 e0f0 i2i0
83	41	black	loss	no_legal_moves	39	9319	9493	rnbakab1r/9/1c4n2/p1p1p1p1p/6c2/9/P1P1P1P1P/5CC1N/9/RNBAKAB1R w - - 0 1	rn1akR3/1R3P3/4b4/p3p3p/5N3/2p2r3/P3N3P/4B4/9/2BAKn3 b - - 0 1	g2g5 g6g5 b0c2 g7f5 a0b0 i9i7 c3c4 b7e7 b0b8 f5e3 g0e2 e3d5 g3g4 d5f4 g4g5 e7f7 f2f7 i7f7 i0g0 f4d3 g0g1 c9e7 g5g6 c6c5 g6g7 f7f2 i2g3 c5c4 c2e3 f2f3 g3f5 f3f4 g7f7 d3b2 f7f8 b2d1 g1g9 d1f0 g9f9
97	48	black	loss	no_legal_moves	47	11281	10646	1nbakabnr/r8/1c3c3/p1p1p1p1p/9/9/P1P1P1P1P/3CB2C1/9/RNBAKA1NR w - - 0 1	3R1a3/4k4/4P4/2P3N2/9/P2N2P1R/9/3CB2C1/4A4/3AK4 b - - 0 1	b0c2 c6c5 a0b0 b9c7 h0i2 f7e7 f0e1 i6i5 b0b4 i5i4 i3i4 a8a7 i2h4 c5c4 c3c4 g6g5 c4c5 g5g4 g3g4 e6e5 c5c6 e5e4 e3e4 a6a5 e4e5 a5a4 a3a4 e7e8 c2d4 c7e6 e5e6 b7b9 b4b9 a7a9 b9a9 e8e2 c0e2 i9i4 i0i4 h9i7 a9c9 i7g6 c9d9 e9e8 h4g6 g9e7 e6e7
133	66	black	loss	no_legal_moves	25	5885	6003	rnb1kabnr/4a1c2/7c1/p1p1p1p1p/9/4P4/P1P3P1P/1C7/R6C1/1NBAKABNR w - - 0 1	rnb1kRRnr/4a4/4c4/2p3p1p/4C4/6p2/P1P1N1P1P/4C1N2/9/2BAKAB2 b - - 0 1	h1e1 h9i7 e4e5 e6e5 b2e2 h7e7 e1e5 i7h9 b0c2 a6a5 h0g2 a5a4 c2e3 a4b4 i0h0 b4c4 h0h8 c4d4 h8g8 d4e4 g8g9 e4f4 a1f1 f4g4 f1f9
93	46	black	loss	no_legal_moves	31	7358	7008	r2akabn1/3n5/2c1b3c/p1p1p3p/6p2/P1P6/4P1P1P/1C2B1N2/8C/RN1AKAB2 w - - 0 1	r1bakab2/9/2N2R2c/p3C4/4C4/P1P4pP/4P4/4B4/9/1N1AKAB2 b - - 5 1	i1b1 h9g7 a0a3 g7f5 a3d3 d8f7 b2b6 f5d6 d3d6 g5g4 g3g4 i6i5 g2f4 i5i4 f4d5 i4h4 d6c6 h4i4 i3i4 e6e5 d5c7 e5e4 c6f6 e4f4 f6f7 f4g4 b6e6 e7c9 b1b5 g4h4 b5e5
107	53	black	loss	no_legal_moves	19	4414	4503	2bak2r1/4a4/nCc1b1n2/4p3p/p1r3p2/3N5/P3P1P1P/3CB1Nc1/4A4/1RBAKR3 w - - 0 1	2bak2r1/4a1N2/nCc3n2/4p4/9/1R3RP1p/P3P3P/3CB4/9/2BAKA1N1 b - - 2 1	b0b6 c5c4 f0f4 h2h6 b6b3 h6h0 g2h0 a5a4 e1f0 c4c6 d4c6 a4b4 b3b4 g5g4 g3g4 i6i5 c6e7 i5i4 e7g8
96	48	red	loss	no_legal_moves	30	7358	6996	1nbakabnr/r8/1c3c3/p1p1p1p1p/9/9/P1P1P1P1P/3CB2C1/9/RNBAKA1NR w - - 0 1	1Rbak4/4a4/4b4/p1p1p3R/6p2/P8/4P1n1P/2rCB4/4Ac3/2BA1K1r1 w - - 2 1	b0c2 g9e7 h0g2 g6g5 f0e1 h9g7 i0f0 a8d8 f0f6 i9h9 h2h0 d8d3 a0b0 d3c3 h0f0 f9e8 f0f7 b7f7 b0b9 c3c2 g2f0 g7h5 a3a4 h5g3 f6i6 f7f1 f0h1 h9h1 e0f0 h1h0
109	54	black	loss	no_legal_moves	31	7366	7009	rnbakabn1/9/1c5cr/p1C1p4/6p1p/9/P1P1P1P1P/1C2B4/9/RN1AKABNR w - - 0 1	r2a1ab2/1R2k4/c1n1bNn2/2C6/p8/2P1N3P/P3P4/2C1B4/9/R2AKAB2 b - - 2 1	b0d1 c9e7 h0i2 h7f7 d1f2 i7i8 g3g4 i8g8 i0i1 i5i4 i3i4 b9c7 c3c4 b7a7 i1b1 f7f3 g4g5 g8g5 b2c2 h9g7 i2h4 f3f7 f2e4 g5g6 h4g6 e6e5 g6e5 a6a5 e5f7 e9e8 b1b8
91	45	black	loss	no_legal_moves	61	14728	14117	rnb1kabnr/4a4/3cc4/p1p1p1p1p/9/9/P1P1P1P1P/1C2B2C1/4AN3/RNB1KA2R w - - 0 1	2Rk1ab2/C1N5r/2Nc3C1/p1p3p1p/9/9/P5P1P/4B4/4A1R2/2B1KAn2 b - - 0 1	b0c2 e7h7 c3c4 b9c7 c2d4 c9e7 b2d2 a9b9 d4e6 d7d5 e6d4 b9b5 e3e4 h9g7 e4e5 d5d9 c4c5 b5c5 e5d5 c5c1 d4b5 g7e6 b5d6 d9d5 f1e3 c1c5 d6c8 d5d8 a0b0 e8d9 d2d9 i9i7 b0b9 e9e8 h2h6 e6f4 b9b4 f4h3 i0g0 i7i8 e3d5 h3i1 g0g1 i1g0 h6h5 g0i1 h5c5 i1g0 c5c7 g0i1 c7h7 i1g0 d5c7 d8d7 d9a9 e8d8 a9a8 d8d9 b4b9 e7c9 b9c9
129	64	black	loss	no_legal_moves	39	9327	8662	rnbaka1nr/9/3cb2c1/2p1p1p1p/p8/2P6/P3P1P1P/8C/7C1/RNBAKABNR w - - 0 1	2baR1R1C/2r1k4/n8/2p1N1p2/4P4/8p/P3N1P1P/9/9/2BAKAB2 b - - 2 1	h1e1 b9a7 h0g2 d7d8 e1e6 d8e8 e6e8 f9e8 b0c2 a9a8 i0h0 a8c8 h0h7 a5a4 e3e4 a4b4 a0a1 b4c4 e4e5 c4d4 c2d4 i6i5 h7h8 i5i4 g2e3 i4h4 i2i9 e7g9 h8h9 h4i4 h9g9 e8f9 a1f1 i4h4 d4e6 h4i4 f1f9 e9e8 f9e9
115	57	black	loss	no_legal_moves	45	10804	10506	1nb1ka1r1/4a4/4b1c1n/p1p1C3p/9/5R3/P1P1P1P1P/2NC5/4N4/2BAKAc2 w - - 0 1	2b1ka3/4a4/3Nb4/p7n/2p1CP2p/3CP3c/P1P3n2/4BA3/4K4/3A5 b - - 15 1	e1g0 g7g0 f0e1 i6i5 e6e4 g0i0 e0f0 h9h0 f0f1 h0h9 c0e2 b9c7 d2d7 i7h5 f4h4 c6c5 e1f2 i0i2 f1e1 h5i7 h4h9 i7h9 d7d4 h9g7 e4e5 i2h2 g3g4 g7h5 g4g5 h5i3 e3e4 c7e6 g5f5 e6g7 f5g5 g7i6 g5f5 i3h1 c2e3 h2i2 e3g4 h1g3 g4f6 i2i4 f6d7
95	47	black	loss	no_legal_moves	41	9807	8702	2bakab2/5r2r/n1c1c1n2/pCp1p1p1p/9/6P2/P1P1P3P/2N1B1C2/5N3/1RBAKA1R1 w - - 0 1	3r1aCC1/4k2R1/3a2R2/pNp1p4/9/8p/P1P5P/2N1B4/9/2BAKA3 b - - 2 1	f1d2 c7b7 b0a0 f8f5 b6b4 i8d8 b4c4 e7e3 f0e1 e3e5 c4c9 d9e8 d2c4 d8d4 a0b0 e5b5 c4b6 d4d1 c9c7 g6g5 c7a7 d1d9 a7g7 g5g4 g7h7 g4h4 h0h4 f5f8 b0b5 i6i5 b5g5 b7g7 g5g7 f8f0 e1f0 e8d7 h7h9 i5i4 g2g9 e9e8 h4h8
98	49	red	loss	no_legal_moves	40	9814	8548	2baka3/r2r5/1c2b1n2/p7p/2pnp2c1/3R5/P1P1P3P/1CN1B1N1C/5R3/2BAKA3 w - - 0 1	2bak4/4a4/5c3/p7p/2b6/2B2c3/P3P3P/B2A1K3/6n2/3A5 w - - 10 1	g2h4 d8f8 f1f8 a8f8 b2b5 b7d7 d4g4 f9e8 b5d5 h5d5 c3c4 c5c4 e2c4 g7h5 c2b4 d5d3 i2e2 f8f4 g4f4 h5f4 e2e1 d3d4 c0a2 d4b4 e1e5 f4d3 f0e1 d3e5 e0f0 b4h4 f0f1 e5f3 f1f2 h4f4 f2e2 f3g1 e2f2 e7c5 e1d2 d7f7
104	52	red	loss	no_legal_moves	92	22617	20021	rnbaka1n1/6r2/1c2b2c1/p1p1p1p1p/9/1C7/P1P1P1P1P/5C3/9/RNBAKABNR w - - 0 1	2b1ka3/4a4/4bc3/6p1p/p1p6/6P1P/P8/B3rn3/4A4/5K3 w - - 4 1	h0g2 g8f8 f0e1 f8f4 c3c4 f4c4 b4a4 b9a7 g0e2 c4h4 b0c2 h4h5 a0b0 a6a5 a4a7 a9a7 g3g4 a7a6 g2f4 c6c5 i0i2 b7c7 b0b4 e6e5 i2i0 h7f7 f2f7 c7f7 e3e4 e5e4 b4e4 h9f8 f4g2 f7h7 i0f0 f8d7 c2e3 d9e8 e4f4 h5h2 f4f5 a6e6 f5f6 e6f6 f0f6 d7e5 f6f5 e5d3 f5d5 d3c1 d5d1 c1b3 d1d3 b3c1 d3d1 c1b3 i3i4 h7i7 d1d3 b3c1 d3d1 c1b3 e0f0 h2h3 d1d3 b3c1 d3d1 c1b3 f0f1 h3f3 e1f2 f3e3 d0e1 i7f7 g2f4 e3f3 c0a2 f3f4 f1f0 f4d4 f0e0 d4d1 e1d2 b3c1 f2e1 d1d2 e0f0 d2e2 f0f1 c1d3 f1f0 d3f2
87	43	black	loss	no_legal_moves	47	11281	10634	1nbakabnr/9/r6c1/p1p1p3p/1c4p2/2P2C3/P3P1P1P/7C1/9/RNBAKABNR w - - 0 1	3akab2/5R3/3N5/p8/9/2P1C1Pp1/P7P/5A3/4R4/2BAK1B2 b - - 8 1	b0c2 a7f7 f4i4 b5e5 f0e1 h9i7 g0e2 h7g7 a0b0 i9h9 h2f2 i7g6 b0b9 g5g4 g3g4 h9h1 b9c9 g6h4 h0f1 h1f1 c9c6 f7f6 c2d4 e5e4 i0i1 f1f2 e1f2 h4i2 i4e4 g7e7 c6e6 i2g1 i1g1 i6i5 e6f6 e7e3 e2g0 e3e1 g1e1 i5i4 d4c6 i4h4 f6f8 h4i4 c6b8 i4h4 b8d7
112	56	red	loss	no_legal_moves	34	8337	7996	rnb1ka2r/4a4/1c2b1nc1/p1p1p1p1p/9/9/P1P1P1P1P/2C2C3/4A4/RNBAK1BNR w - - 0 1	2b1ka3/4a4/n3b1n2/2p1p3p/p5p2/1R4P2/P1P1P3P/N3BC3/4AN3/2BA1K1rc w - - 12 1	g3g4 h7h1 b0a2 b9a7 a0b0 b7b1 i0i2 i9h9 i2h2 h9h2 c2h2 a9b9 g0e2 b9b5 h0f1 a6a5 e0f0 h1g1 f0e0 b5h5 b0b1 h5h2 b1b4 h2h0 e1f0 g1g0 f0e1 h0h1 e0f0 g0i0 f0e0 g6g5 e0f0 h1h0
105	52	black	loss	no_legal_moves	65	15704	15093	rnbaka1n1/6r2/1c2b2c1/p1p1p1p1p/9/1C7/P1P1P1P1P/5C3/9/RNBAKABNR w - - 0 1	2bk1a1r1/2N5n/3Rb4/p5P2/8p/9/8P/4BA3/R8/3AK1C2 b - - 0 1	b0c2 h7f7 h0g2 c6c5 i0h0 h9g7 h0h9 d9e8 g3g4 b9c7 a0a1 b7a7 b4b1 a9b9 b1g1 c7d5 a1d1 d5c3 f0e1 a7a3 g2h4 a3e3 g0e2 g8f8 h9h6 e3f3 d1d3 f7f2 e1f2 c5c4 g4g5 g7i8 h6g6 f3f4 g6e6 f8h8 h4f5 h8h0 g1g0 b9b5 f5d6 b5c5 g5g6 c3a4 c2e3 a4b2 d3d2 b2c0 d2a2 h0h9 e3c4 c0a1 a2a1 f4f8 e6f6 c5c8 d6c8 f8c8 c4b6 i6i5 b6c8 e9d9 f6d6 e8d7 d6d7
148	74	red	loss	no_legal_moves	32	7852	7496	2baka3/8r/2c3n1c/p3p1C1p/2b2r3/6P2/P3P3P/NC2B4/2R1A4/2BAK3R w - - 0 1	3ak4/9/3ab1n2/4p1C2/6b1p/9/P8/N2AB4/4K2r1/2B2r3 w - - 2 1	c1b1 i8b8 b1b0 b8b3 b2d2 b3e3 b0b6 c7d7 b6a6 i7i3 e1f0 c5e7 a6d6 d7d2 d6d2 e3h3 d0e1 i3i5 g4g5 e7g5 d2d7 c9e7 i0i5 i6i5 e0d0 f9e8 d0d1 e8d7 e1d2 f5f0 d1e1 h3h1
111	55	black	loss	no_legal_moves	31	7358	7002	r2akab2/9/c1n1b2cn/p3p1p1p/2p2r3/6PC1/P1P1P3P/2N1BC3/4A4/1R2KABNR w - - 0 1	c2a1ab2/1CN1k4/2n1b3n/p3p1p2/9/6PC1/P3P2c1/4B1N2/4A4/4KAB2 b - - 9 1	h0g2 f5f3 c3c4 i6i5 c4c5 e7c5 i3i4 i5i4 i0i4 f3g3 i4i2 a9b9 b0b9 c7b9 f2f4 c5e7 f4b4 g3h3 b4b3 h3h2 i2h2 h7h2 c2d4 b9c7 d4c6 a7a9 c6a7 h2h3 a7c8 e9e8 b3b8
116	58	red	loss	no_legal_moves	54	13251	12986	r1bakab1r/9/nc4c1n/p1p1p1p1p/9/2P6/P3P1P1P/R1C4C1/9/1NBAKABNR w - - 0 1	3k1ab2/4a4/4b4/p1n2c3/8p/4C1p2/P5P1P/B3rAn1N/3c5/3A1KB2 w - - 2 1	i0i1 i9h9 h2e2 c9e7 h0i2 h9h5 e2e6 d9e8 c2e2 h5b5 b0c2 c6c5 c4c5 b5c5 c2a1 i6i5 i1d1 i7h5 a2d2 a9c9 c0a2 h5f4 e6e4 c5c3 d2d3 b7b3 d3c3 c9c3 f0e1 a7c6 a1c0 c3e3 c0d2 b3d3 e0f0 d3d1 f0e0 e3d3 e0f0 g6g5 f0e0 g7g6 e0f0 e9d9 f0e0 g5g4 e0f0 g6f6 e1f2 d3d2 f0f1 d2e2 f1f0 f4g2
122	61	red	loss	no_legal_moves	36	8827	7509	1r1akab2/4n4/3cb4/p3p1C1p/3n1r3/2R3P2/P1P1P3P/2N1B1N2/8R/2BAKA3 w - - 0 1	5ab2/4k4/3n5/p5C1p/6b2/2P6/P3P2NP/2n6/R7N/3rK4 w - - 0 1	c4c6 b9b2 i1c1 d5b4 c6d6 e8c9 c2e1 d9e8 g4g5 e7g5 c3c4 d7d9 d6e6 c9d7 e1g0 f5d5 d0e1 d9c9 c1a1 b2b0 g2f4 d5f5 f4h3 c9c0 e2c0 b0c0 e1d0 f5d5 g0i1 b4c2 e6e8 e9e8 f0e1 c0d0 e1d0 d5d0
108	54	red	loss	no_legal_moves	38	9322	8622	rnbakabn1/9/1c5cr/p1C1p4/6p1p/9/P1P1P1P1P/1C2B4/9/RN1AKABNR w - - 0 1	r3kab2/4a4/1c2bc3/pC2p4/8p/4Rn3/P1P1P3P/C2ABKN1n/R2N5/5A1r1 w - - 4 1	h0g2 h9g7 i0h0 g7f5 h0h4 h7f7 b0d1 d9e8 b2a2 i7h7 h4c4 c9e7 g3g4 g5g4 c4g4 b9d8 c6b6 d8c6 d0e1 c6d4 a0a1 d4f3 e1f2 f3h2 g4e4 h2i0 g0i2 i0g1 e0e1 h7h0 e1f1 f5g3 f2e1 g1i2 f1f2 g3h5 e1d2 h5f4
106	53	red	loss	no_legal_moves	26	6374	5592	2bak2r1/4a4/nCc1b1n2/4p3p/p1r3p2/3N5/P3P1P1P/3CB1Nc1/4A4/1RBAKR3 w - - 0 1	2bak4/4a4/nC2b4/1R2p3p/p5p2/8P/P3n1P2/B1c1B1C2/3r1K3/4r4 w - - 2 1	b0b6 h2i2 i3i4 h9h2 f0g0 i2g2 d2g2 c5d5 d4c2 g7f5 e2c4 c7c2 g0g1 h2h0 g1g0 h0g0 e1f0 g0f0 e0e1 d5d0 c0a2 f0e0 e1f1 f5e3 c4e2 d0d1
119	59	black	loss	no_legal_moves	33	7842	7513	r3kabnr/4a4/1cn1b2c1/p1p1p1p1p/9/P1P6/4P1P1P/1CC6/9/RNBAKABNR w - - 0 1	1r1nkab2/4a1N2/1c2b1n2/p1P1p1p2/5R2r/P4NP2/4P3p/3C1C3/9/1RBAKAB2 b - - 10 1	h0g2 i6i5 i0h0 h7f7 g3g4 h9g7 c2f2 i5i4 b0c2 c6c5 c4c5 f7f8 c5c6 c7d9 c2d4 i4i3 b2d2 i9i5 a0b0 a9b9 h0h8 i3h3 h8f8 h3i3 g2f4 i3h3 d4f5 h3i3 f5h6 i3h3 h6g8 h3i3 f8f5
127	63	black	loss	no_legal_moves	33	7847	7095	r1b1kab2/4a4/2n1cc2n/p1p1p1p2/7rp/1NP6/P3P1P1P/1C2B2CN/4AR3/R3KAB2 w - - 0 1	1r1k1ab2/n1N1a4/3R3Cn/p8/6p2/2P6/P3P1P2/3CB3N/9/3AKAB2 b - - 0 1	a0c0 f7f5 f1f4 e7f7 f4e4 f5b5 i3i4 i5i4 e4i4 c9e7 b2c2 a9d9 i4e4 b5b8 b4c6 h5b5 h2h7 d9d6 c0d0 d6d0 e1d0 c7a8 e4e6 b8c8 c2d2 b5b9 c6e7 g6g5 e7c8 e9d9 e6d6 f7d7 d6d7
144	72	red	loss	no_legal_moves	42	10310	9037	2baka3/8r/2ncb1n2/p3p1N1p/2p6/6P2/P1P1P2cP/C3BC3/4A4/1NBAK3R w - - 0 1	2baka1N1/9/4b1cR1/p3p3C/2p6/P5P2/2P3n1P/B2nB4/9/4rK3 w - - 2 1	i0g0 i8b8 a2b2 h3h9 f2g2 c7d5 b0a2 h9g9 b2d2 d7d2 e1d2 d5e3 g2g3 e3f5 g3g1 f5g3 g0h0 g3f1 g6i7 b8i8 e0e1 f1g3 h0h7 g7f5 g1i1 g3e4 a3a4 g9g7 i1i6 i8b8 i7h9 b8b1 a2c1 b1c1 e1e0 e4d2 e0f0 f5g3 d0e1 c1e1 c0a2 e1e0
110	55	red	loss	no_legal_moves	36	8824	8496	r2akab2/9/c1n1b2cn/p3p1p1p/2p2r3/6PC1/P1P1P3P/2N1BC3/4A4/1R2KABNR w - - 0 1	4kab2/4a4/3cb3n/p3p1p2/2p6/6PC1/P3P1r2/2NK1C2B/3rA3c/5n3 w - - 2 1	h0g2 f5f3 e0d0 c7d5 i0i2 i6i5 d0e0 a9c9 i3i4 i5i4 i2i4 f3g3 g2i1 a7d7 f2i2 h7h9 i2f2 h9i9 g0i2 i9i4 b0b9 c9b9 i1g0 d9e8 g0i1 d5c3 e0d0 c3e2 d0d1 i4i1 e1d0 b9b1 d1d2 e2f0 d0e1 b1d1
123	61	black	loss	no_legal_moves	21	4904	5001	1r1akab2/4n4/3cb4/p3p1C1p/3n1r3/2R3P2/P1P1P3P/2N1B1N2/8R/2BAKA3 w - - 0 1	1r1ckaC2/n3a4/5rR2/p8/2P5p/5NP2/P3P3P/4B4/N1R6/2BAKA3 b - - 0 1	c2a1 e8c7 c4c6 d9e8 c3c4 f5f8 i1c1 d7d9 c6d6 e8d7 d6e6 c7a8 c4c5 d5f4 e6e7 d7e8 g2f4 i6i5 e7g7 f8f7 g6g9
163	81	black	loss	no_legal_moves	27	6375	6502	r1bakab1r/9/2n2c3/p3p3p/2p3p2/P2n5/1cP1P1P1P/2NCB1N1C/4A4/R1BAK2R1 w - - 0 1	rcbakRb1C/1R7/9/p3p3p/2p6/P8/2P1P3P/2N1B3p/4A3C/2BAK4 b - - 0 1	h0h4 d4f3 d2d1 c7d5 i2i1 g5g4 h4h5 g4g3 h5d5 b3b9 a0b0 g3g2 d5f5 i9i7 f5f3 g2h2 d1d7 h2i2 d7i7 i2h2 i7i9 h2i2 f3f7 i2h2 b0b8 h2i2 f7f9
113	56	black	loss	no_legal_moves	41	9802	9119	rnb1ka2r/4a4/1c2b1nc1/p1p1p1p1p/9/9/P1P1P1P1P/2C2C3/4A4/RNBAK1BNR w - - 0 1	rnbk1a2r/1RN6/3Rb4/p8/8P/P2pP4/2P3P2/2C5N/4A4/2BAK1B2 b - - 0 1	b0a2 g6g5 a0b0 g7f5 h0i2 b7c7 b0b8 h7h8 b8b4 c7c8 i0h0 h8f8 f2f8 c8f8 h0h8 g5g4 h8f8 g4h4 f8f5 h4i4 b4b8 i4h4 a3a4 h4i4 i3i4 i6i5 i4i5 e6e5 a2b4 e5e4 e3e4 c6c5 b4d5 c5c4 d5b6 c4d4 b6c8 e9d9 f5d5 e8d7 d5d7
124	62	red	loss	no_legal_moves	60	14733	11061	rnbakabnr/9/2c5c/p3p1p1p/2p6/1C7/P1P1P1P1P/4B2C1/4A4/RNBAK2NR w - - 0 1	3a5/2Cna1R2/5k3/p3p4/2p5p/P7P/2P1c1n2/N3B4/4A4/2BAKr3 w - - 16 1	i0i2 h9g7 b0a2 g6g5 h0f1 i9h9 a0b0 b9a7 b4i4 a9b9 b0b9 a7b9 a3a4 i6i5 i4i7 c7i7 g3g4 g5g4 e2g4 h9h4 g4e2 g7f5 h2h0 h4h1 i2f2 f5g3 f2g2 g3f5 h0g0 h1f1 g0g9 f9e8 g9i9 e9f9 g2g9 f9f8 g9g8 f8f9 g8g9 f9f8 g9g0 i7e7 i9c9 e7e3 g0g9 f5g3 g9g8 f8f7 g8g7 f7f8 g7g8 f8f7 g8g7 f7f8 c9c8 b9d8 g7g8 f8f7 i3i4 f1f0
134	67	red	draw	rule	12	2941	2997	rnbak1bnr/4a1c2/7c1/p1p1p1p1p/9/9/P1P1P1P1P/1C2B4/5C3/RN1AKABNR w - - 0 1	1nbak1bnr/4a1c2/3r3c1/p1p1p1p1p/9/9/P1P1P1P1P/1CN1B1N2/5C3/R2AKAB1R w - - 12 1	h0g2 a9a7 b0c2 a7d7 i0h0 g8h8 h0i0 h8g8 i0h0 g8h8 h0i0 h8g8
102	51	red	loss	no_legal_moves	44	10790	10495	1cbakabnr/r8/2n4c1/p1p1p1p1p/9/9/P1P1P1P1P/1C4N2/C8/RNBAKAB1R w - - 0 1	2bakab2/9/9/p1N1n1p1p/3P5/P3c1P2/1C3r2P/3ABK2B/4A4/c8 w - - 4 1	i0h0 h7e7 c0e2 h9g7 c3c4 i9i8 h0h6 e6e5 b0c2 g7e6 g3g4 b9b6 c2d4 e5e4 d4c6 e6d4 c4c5 d4b3 a1b1 b6b2 b1b3 b2g2 e3e4 a8h8 h6h8 i8h8 a3a4 c7e6 c5d5 e7e4 f0e1 g2i2 e0f0 i2i0 g0i2 h8h0 f0f1 h0h1 f1f2 i0a0 e1d2 h1h3 d0e1 h3f3
130	65	red	loss	no_legal_moves	48	11783	11490	1nbak1bnr/r3a4/6cc1/p1p1p1p1p/9/3C5/P1P1P1P1P/7C1/R8/1NBAKABNR w - - 0 1	2bak4/4a4/n3b4/p3p4/1Rp3p2/8p/P1P1n1P1c/2cA5/9/3K3r1 w - - 2 1	a1a2 a8d8 d4h4 h7i7 c0e2 g9e7 a2d2 d8d7 i0i1 g6g5 i1b1 b9a7 b1b5 i7i3 b0c2 i6i5 d2d7 g7d7 h0g2 d7d2 g0i2 d2g2 f0e1 g2i2 e0f0 h9g7 f0f1 i9f9 e1f2 f9f2 f1e1 f2e2 e1d1 e2h2 d0e1 h2h4 e1d2 i2c2 d1d0 i5i4 d0d1 c6c5 d1d0 g7f5 d0d1 f5e3 d1d0 h4h0
137	68	black	loss	no_legal_moves	37	8830	8999	rnb1kabnr/4a4/2c4c1/p1C1p1p2/8p/9/P1P1P1P1P/NC7/9/R1BAKABNR w - - 0 1	1r1akab1r/5N3/4C4/2R6/4C1P2/P3P3P/2P6/N8/4A4/1RBcKAB2 b - - 2 1	h0g2 b9a7 c6c4 a9b9 a0b0 h9i7 i0h0 c9e7 g3g4 i5i4 i3i4 c7d7 b2b7 h7f7 d0e1 a6a5 g2f4 g6g5 g4g5 a5a4 a3a4 e6e5 h0h6 e5e4 e3e4 i7g6 f4g6 f7f8 b7e7 e8d9 g6f8 d7d8 c4c5 a7c6 h6c6 d8d0 c5e5
117	58	black	loss	no_legal_moves	7	1471	1507	r1bakab1r/9/nc4c1n/p1p1p1p1p/9/2P6/P3P1P1P/R1C4C1/9/1NBAKABNR w - - 0 1	r1bakab1r/9/n1c3c1n/p1p1C1p2/9/2P1C3p/P3P1P1P/R8/9/1NBAKABNR b - - 4 1	c2e2 b7c7 e2e6 i6i5 h2h4 i5i4 h4e4
121	60	black	loss	no_legal_moves	41	9807	9508	rnbaka1nr/9/4c3b/pCp1p1p1p/7c1/9/P1P1P1P1P/7C1/4A4/RNBAK1BNR w - - 0 1	r1bakaR2/1R7/2nc5/p3C4/9/4C3p/P3P1P1P/2N1B1N2/4A4/2BAK4 b - - 4 1	b0c2 h9g7 a0b0 b9c7 c3c4 g6g5 h2d2 c6c5 c4c5 h5c5 h0g2 e7d7 b6c6 i7g9 g0e2 i6i5 i0f0 g7i8 f0f5 i5i4 f5c5 i4h4 c5g5 h4i4 g5i5 i4h4 b0b8 h4i4 i5i8 i4h4 i8i9 h4i4 i9g9 i4h4 d2d6 h4i4 c6e6 i4h4 e6e4 h4i4 d6e6
120	60	red	loss	no_legal_moves	54	13242	12990	rnbaka1nr/9/4c3b/pCp1p1p1p/7c1/9/P1P1P1P1P/7C1/4A4/RNBAK1BNR w - - 0 1	2b1ka3/4a4/2c5b/p7p/6p2/4P3P/P5n2/4C3B/3pn1N2/1N1rK4 w - - 0 1	b6e6 d9e8 b0a2 b9c7 e6e4 a9b9 h0i2 h9g7 h2e2 i9h9 i0h0 h5h1 a0b0 b9b0 a2b0 c6c5 e1f0 g6g5 i3i4 c7d5 b0c2 d5f4 d0e1 h9h6 e4d4 e7c7 e3e4 f4g2 i2g1 c5c4 d4d1 c4c3 c2b0 g7f5 h0h1 h6h1 e0d0 f5g3 d0e0 h1h6 g0i2 c3d3 e0d0 h6c6 d0e0 c6c0 e1d0 d3d2 f0e1 d2d1 e0f0 g2e1 f0e0 c0d0
178	89	red	loss	no_legal_moves	28	6865	6003	r1b1kab1r/4a4/2n2cn2/p2Rp1p1p/1c7/2p3P2/P3P3P/C1N1C4/9/R1BAKABN1 w - - 0 1	4kab2/4a4/2r1b1n2/p3p3p/2c6/2RN5/P3P3P/9/4A1p2/1RBA1Kr2 w - - 0 1	d6c6 c9e7 c6c4 i9h9 h0g2 h9h5 c2d4 g6g5 a0b0 g5g4 e2e1 g4g3 e1c1 g3g2 c1c7 a9c9 a2c2 f7c7 c2c7 b5c5 g0e2 c9c7 f0e1 g2g1 e0f0 h5h0 e2g0 h0g0
128	64	red	loss	no_legal_moves	24	5885	5497	rnbaka1nr/9/3cb2c1/2p1p1p1p/p8/2P6/P3P1P1P/8C/7C1/RNBAKABNR w - - 0 1	2baka1r1/9/3cb4/2p1p3p/pn4p2/2PnP1P2/P7P/R3B1N1C/4C2cR/2BrKA3 w - - 0 1	h1e1 b9a7 h0g2 h9g7 g3g4 i9h9 i0i1 a9b9 b0c2 h7h1 c2d4 b9b1 a0a2 a7b5 d4f5 g6g5 e3e4 g7f5 g0e2 f5d4 i1i0 b1d1 i0i1 d1d0
126	63	red	loss	no_legal_moves	52	12767	11579	r1b1kab2/4a4/2n1cc2n/p1p1p1p2/7rp/1NP6/P3P1P1P/1C2B2CN/4AR3/R3KAB2 w - - 0 1	2b1kab2/4a4/8n/4pcp2/9/2p3BNR/6P2/3K5/1n2r4/9 w - - 2 1	a0c0 f7f5 f1f4 e7f7 f4d4 f5f6 i3i4 i5i4 d4i4 a6a5 i2h4 h5e5 h2f2 a5a4 a3a4 a9a4 b4c2 f7f2 e1f2 e5b5 b2b3 b5b3 g0i2 b3c3 f0e1 c6c5 e0d0 a4a2 d0d1 c3c2 c0c2 a2c2 e1d2 c5c4 d1d0 c2d2 d0e0 d2e2 f2e1 e2e3 e0d0 e3e4 d0d1 c7b5 e1d2 e4e0 d2e1 b5c3 d1d2 e0e1 i2g4 c3b1
131	65	black	loss	no_legal_moves	57	13739	13502	1nbak1bnr/r3a4/6cc1/p1p1p1p1p/9/3C5/P1P1P1P1P/7C1/R8/1NBAKABNR w - - 0 1	1r1akR3/4a4/n3b1N2/p3C4/9/2p6/P3P4/2N1B4/9/3AKA3 b - - 0 1	h2i2 g7c7 a1b1 b9a7 h0g2 h7h5 i0h0 h5e5 c0e2 h9g7 b1b7 c7f7 h0h6 e5g5 d4g4 g9e7 b7b4 g5g3 g4i4 i9g9 h6g6 i6i5 i4c4 g7i8 g6g9 i8g9 c4c9 e7c9 b4g4 g3g0 e2g0 c9e7 g2f4 a8b8 b0c2 b8b4 g0e2 g9h7 c3c4 b4b1 f4e6 b1b5 g4h4 h7g5 e6g7 i5i4 i3i4 g5i4 h4i4 b5b9 i4i9 f7f9 i2i6 c6c5 i6e6 c5c4 i9f9
139	69	black	loss	no_legal_moves	33	7849	7149	1rb1ka1r1/4a4/2n1b1n2/p1p1p3p/6p2/2PN5/P3P1P1P/2C1C1N2/1c5c1/1RBAKABR1 w - - 0 1	r1bk1a1r1/6Nc1/1CPR2nR1/p3p4/9/P5Pp1/4P3P/4C1N2/4A4/2BAK1B2 b - - 0 1	a3a4 h1h3 f0e1 b1b3 c4c5 b3c3 c5b5 c6c5 c2b2 b9a9 b5c5 g5g4 g3g4 h3h8 c5c6 c3c5 h0h7 c5c1 b2b7 c1c5 c6c7 c5c6 d4c6 i6i5 b0b5 i5i4 c6e7 i4h4 e7g8 e9d9 b5d5 e8d7 d5d7
138	69	red	loss	no_legal_moves	42	10301	9992	1rb1ka1r1/4a4/2n1b1n2/p1p1p3p/6p2/2PN5/P3P1P1P/2C1C1N2/1c5c1/1RBAKABR1 w - - 0 1	4ka3/4a4/b3b4/p3p3p/9/3nc1B2/P4r2P/3CBA3/4A4/4K1r2 w - - 4 1	e2d2 h9h4 g3g4 h4g4 d4c6 g4c4 c6a7 c9a7 c2c7 c4c7 h0h1 b1b3 h1h6 g7f5 c0e2 g5g4 h6f6 f5d4 e2g4 c7c3 e3e4 b3b4 g0e2 b4e4 f0e1 b9b0 e0f0 b0b3 f0f1 c3f3 e1f2 f3f6 d0e1 b3g3 f1f0 f6f3 f0f1 g3g2 f1f0 g2g1 f0e0 g1g0
136	68	red	loss	no_legal_moves	22	5394	4999	rnb1kabnr/4a4/2c4c1/p1C1p1p2/8p/9/P1P1P1P1P/NC7/9/R1BAKABNR w - - 0 1	4kabnr/4a4/4bc3/p3p1p2/5n3/2P6/P3P1P1p/Nr1ABKN2/R8/2BA5 w - - 4 1	h0g2 b9a7 i0h0 c9e7 c3c4 a7c6 h0h7 c7h7 g0e2 a9b9 f0e1 b9b2 e0f0 c6d4 f0f1 i5i4 a0a1 i4i3 f1f2 h7f7 e1d2 d4f5
142	71	red	loss	no_legal_moves	46	11279	10500	r1bakabnr/9/n4c1c1/p1p1p3p/6p2/9/P1P1P1P1P/1C3C3/R3A4/1NBAK1BNR w - - 0 1	1rb1kab2/1C2a4/n2c2c2/p1p1p3p/6p2/2PN5/P5P1P/3A2n1B/9/2r1K4 w - - 0 1	a1c1 h9g7 b2b7 h7h1 e1f0 h1h3 b0c2 f7f8 i0i1 a9b9 c1b1 i9h9 f2g2 g7f5 c0e2 f5e3 i1f1 f8e8 f1f8 e8e7 c3c4 d9e8 c2d4 h3h7 b7b8 h7g7 d0e1 h9h0 g0i2 e3g2 e0d0 g2e1 d0d1 e1g2 f0e1 e7d7 e1d2 h0h1 f8f1 h1f1 d1d0 f1b1 d0e0 b1b0 e2c0 b0c0
152	76	red	loss	no_legal_moves	32	7849	6542	4kabr1/4a4/n1c1b3c/C5p1p/2p6/P1P3P2/3rP3P/C5N2/9/R1BAKAB1R w - - 0 1	4kab2/4a4/4b4/6p2/P8/6P1C/4P3P/4BnN1B/2r1K4/3A1A3 w - - 6 1	c4c5 h9h5 c0e2 h5c5 i0i1 d3d4 a6i6 a7b5 i1b1 c7b7 b1h1 b5c3 i6i4 d4d2 h1a1 b7a7 a2a7 i7a7 d0e1 d2d9 a4a5 a7a1 a0a1 d9d1 a1d1 c3d1 g0i2 c5c0 e1d0 d1f2 e0e1 c0c1
149	74	black	loss	no_legal_moves	37	8825	8503	2baka3/8r/2c3n1c/p3p1C1p/2b2r3/6P2/P3P3P/NC2B4/2R1A4/2BAK3R w - - 0 1	2bRka3/4n4/4c4/4C4/6Pr1/p3P4/3R4P/4B4/9/2BAKA3 b - - 0 1	b2b5 f5f6 c1c5 f6g6 i0g0 g7e8 g4g5 g6g7 c5c6 g7d7 b5b8 i8i9 b8b6 e6e5 b6i6 i9h9 a3a4 h9h4 a2c3 c7c3 c6c3 d7d3 c3d3 h4h9 d3d7 e5e4 i6e6 i7e7 e3e4 a6a5 g0g3 a5a4 g3d3 h9h0 e1f0 h0h5 d7d9
145	72	black	loss	no_legal_moves	39	9322	9002	2baka3/8r/2ncb1n2/p3p1N1p/2p6/6P2/P1P1P2cP/C3BC3/4A4/1NBAK3R w - - 0 1	2bak2R1/5P3/2n6/p3p3p/2p1c4/1rc6/P2N4P/C3BC3/4A4/1NBAK4 b - - 12 1	i0h0 h3g3 g6f4 i8b8 g4g5 g7e8 h0h8 d7d8 h8h3 g3c3 h3h7 d8d7 h7h8 d7d8 h8h7 b8b4 h7f7 e8g7 f7e7 d8e8 e7f7 e8e3 g5g6 e3e5 g6g7 c3c4 f7f9 e9e8 f9f8 e8e9 f8h8 c4c1 f4d3 c1c4 g7f7 c4c1 f7f8 c1c4 h8h9
125	62	black	loss	no_legal_moves	51	12261	12059	rnbakabnr/9/2c5c/p3p1p1p/2p6/1C7/P1P1P1P1P/4B2C1/4A4/RNBAK2NR w - - 0 1	1CN1k2r1/2c2R3/b3b4/4p1p1p/p8/3p2P2/4P4/4B4/9/2BAKA3 b - - 6 1	g3g4 a9a8 b0a2 a8h8 h2f2 c7f7 h0g2 g9e7 a0a1 i7i8 f2f0 h9f8 a1d1 f7f5 a3a4 b9c7 b4b7 f9e8 a2b4 h8h2 g2f4 f5f0 i0f0 i9h9 a4a5 a6a5 b4c6 h2h0 f4d5 i8i3 f0h0 h9h0 e1f0 h0h9 d5c7 i3c3 d1d8 c3c6 b7b9 c5c4 d8e8 e9f9 c7d9 c4d4 e8f8 f9e9 d9c7 c9a7 c7a8 c6c8 a8c9
132	66	red	loss	no_legal_moves	36	8822	7507	rnb1kabnr/4a1c2/7c1/p1p1p1p1p/9/4P4/P1P3P1P/1C7/R6C1/1NBAKABNR w - - 0 1	4kab2/4a4/2n5n/p3p3p/2p5P/4P1p2/P3Nr3/3AB3C/3rA4/c1c1K3R w - - 4 1	b0c2 b9c7 c2e3 h7h3 g3g4 h9i7 a1d1 c9e7 b2i2 h3c3 h1f1 i9h9 h0g2 c6c5 i3i4 h9h3 i4i5 g6g5 f1g1 h3f3 i0i1 g5g4 g0e2 g8g2 f0e1 a9d9 c0a2 d9d1 i1i0 g2a2 g1g9 e7g9 e1d2 a2a0 d0e1 c3c0
143	71	black	loss	no_legal_moves	27	6372	6010	r1bakabnr/9/n4c1c1/p1p1p3p/6p2/9/P1P1P1P1P/1C3C3/R3A4/1NBAK1BNR w - - 0 1	r1bakR1R1/4a4/n3b4/p1p1C3p/c8/9/P1P1P3P/5C3/4A4/1NBAK1BN1 b - - 0 1	b2e2 f9e8 e2e6 g9e7 a1d1 h7h2 i0i2 h2h5 g3g4 g5g4 d1d5 h9g7 d5g5 i9g9 g5g4 h5a5 i2g2 a5a4 g4g7 a4a5 g7g9 f7f9 g2h2 a5a4 h2h9 a4a5 g9f9
159	79	black	loss	no_legal_moves	63	15222	14989	2bakab2/r4r3/n1c1c1n2/2p1p1p1p/p8/7C1/P1P1P1P1P/2N1B2CN/3RA4/2B1KA2R w - - 0 1	2bRka3/4a4/4b4/1P3n3/5P3/6B1P/P8/N1N1C4/4A4/2BK1A3 b - - 8 1	h4c4 c7c8 i0h0 c8c4 c3c4 f8d8 d1d8 a8d8 h2g2 e7b7 g3g4 d8d5 h0h6 g9e7 h6g6 d5h5 i2g3 h5h3 g3e4 e6e5 e4c3 g7h9 g6e6 h3h5 e6i6 b7b6 i6i8 d9e8 i3i4 h5h6 i8i5 h6e6 g4g5 a7b5 c3a2 e5e4 e3e4 b5d6 i5i9 h9f8 e4e5 a5a4 e5e6 a4b4 e6d6 b4c4 d6c6 c4d4 c6b6 d4e4 i9i6 e4f4 g5f5 f4g4 e2g4 e7c5 g2e2 c5e7 e0d0 f8h7 i6d6 h7f6 d6d9
154	77	red	loss	no_legal_moves	24	5886	5498	rnbakabn1/8r/1c1c5/p3p1p1p/2p6/9/P1P1P1P1P/4B2C1/6C2/RNBAKA1NR w - - 0 1	2bakabn1/9/9/p3p1p1p/2pn5/1R7/P1c1P1P1P/B1NAB4/5r2c/3AK2r1 w - - 2 1	b0c2 b7c7 a0b0 c7c3 c0a2 b9c7 i0i2 a9a8 b0b4 c7d5 g1d1 d7d1 i2i1 i8h8 h0f1 d1i1 f0e1 a8f8 e0f0 h8h2 f0e0 f8f1 e1d2 h2h0
157	78	black	loss	no_legal_moves	23	5397	5501	rnbakabn1/9/7cr/p1p1p1p1p/c8/9/P1P1P1P1P/2C6/6C2/RNBAKABNR w - - 0 1	1RCakabn1/4cr3/9/2p1p1p2/9/6P1p/P1P1P3P/2C3N2/3R5/2BAKABr1 b - - 0 1	b0a2 h7e7 h0g2 a5a2 a0a2 i7h7 g3g4 a9a8 i0i1 a8f8 a2b2 e7e8 b2b9 i6i5 g1a1 i5i4 i1d1 i4h4 a1a6 h4i4 a6a9 h7h0 a9c9
193	96	black	loss	no_legal_moves	41	9808	9502	1nbakab1r/9/r1c3nc1/p1p1p1p1p/9/P8/2P1P1P1P/1C2C4/4A4/RNBAK1BNR w - - 0 1	CR3ab2/3Rk2r1/3Pb1n2/2p1p1p2/9/7p1/2P1P1P1P/N3C3N/4A4/2BAK1B2 b - - 0 1	b0a2 h7h6 a0b0 c9e7 h0i2 h6h5 i0h0 i9h9 h0h4 a6a5 h4b4 b9d8 b4b8 h9h8 a4a5 h5b5 a5b5 i6i5 b2d2 i5i4 b5b6 i4h4 b6b7 h4i4 b7a7 i4h4 a7b7 h4i4 b7c7 i4h4 d2d9 h4i4 d9a9 i4h4 b8c8 h4i4 c7d7 i4h4 b0b9 e9e8 c8d8
151	75	black	loss	no_legal_moves	27	6375	6004	r1bak1b2/4a1c2/2n1c3n/p1pC2p1p/7r1/2P6/P3P1P1P/2NCB4/4A4/R3KABNR w - - 0 1	r1bakR3/5R3/8n/p1p5p/4c2N1/2P3p2/P5N1P/3rB4/4A4/4KAB2 b - - 0 1	c2d4 c7e6 d4e6 h5d5 e6f4 d5d6 a0b0 d6d4 f4h5 g6g5 i0i2 d4d3 i2f2 d3e3 f2f8 g8g3 b0b5 g5g4 h0i2 e3d3 i2g3 d3d2 b5g5 e7e5 g5g9 e8f9 g9f9
174	87	red	draw	rule	10	2451	1007	2bak4/4a3r/n2cb1c2/p4R3/2p3p1p/8n/P1P1P4/2NCB1N2/4A3C/2BAK4 w - - 0 1	2bak4/4a3r/n2cb1c2/p6R1/2p5p/6p1n/P1P1P4/2NCB1N2/4A3C/2BAK4 w - - 10 1	f6h6 g5g4 g2i3 g4f4 i3g2 f4g4 g2i3 g4f4 i3g2 f4g4
160	80	red	loss	no_legal_moves	22	5392	5002	r1bakabn1/8r/n1c4c1/p1p1p1p1p/9/3C5/P1P1P1P1P/NC7/9/R1BAKABNR w - - 0 1	2bakab2/5r3/n1c3n2/2p1p1p1p/p8/3C3r1/P1P2cP1P/N3BAN2/4AK3/R1B6 w - - 2 1	h0g2 h7e7 i0h0 h9g7 h0h5 i8d8 h5h4 a6a5 b2b8 d8b8 g0e2 a9a8 f0e1 b8h8 e0f0 h8h4 f0f1 a8f8 e1f2 e7e3 d0e1 e3f3
146	73	red	loss	no_legal_moves	38	9316	8994	1nbakabn1/8r/rc5c1/p1p1p1p2/8p/9/P1P1P1P1P/1C7/2C1A4/RNB1KABNR w - - 0 1	2bakab2/4n1c2/8n/2C1p4/pR6p/9/P1P1P3P/N2rB1c2/4r4/2BK5 w - - 0 1	b0a2 b9c7 h0g2 h9i7 i0h0 i8d8 b2b4 a6a5 b4f4 d8d4 g3g4 h7g7 a0b0 g6g5 h0h4 c7e8 b0b5 g5g4 h4g4 g7g8 g0e2 b7g7 e1d2 g8g4 f0e1 g7g2 e0d0 d4f4 d0d1 g4g8 e1d0 a7d7 d0e1 f4f1 d1d0 f1e1 c1c6 d7d2
135	67	black	loss	no_legal_moves	51	12265	11547	rnbak1bnr/4a1c2/7c1/p1p1p1p1p/9/9/P1P1P1P1P/1C2B4/5C3/RN1AKABNR w - - 0 1	1cbakR3/7NC/n2r5/p1p1p4/9/2P5p/P3P1P2/2N1B4/4A4/3AK1B2 b - - 2 1	b0c2 b9a7 c3c4 g6g5 b2b7 g5g4 e2g4 h7h5 a0b0 i9i7 h0i2 a9b9 i0h0 h5e5 f0e1 i7b7 b0b7 b9b7 h0h9 c9e7 f1f8 e5g5 g4e2 e8f9 h9h8 g8g7 h8h7 e7c9 i3i4 g5b5 f8i8 b7d7 i2h4 g7f7 h7g7 b5b9 i8i9 i6i5 g7g9 i5i4 h4i6 i4h4 i6h8 h4i4 g9f9 e9e8 i9i8 f7f8 f9f8 e8e9 f8f9
167	83	black	loss	no_legal_moves	33	7843	7512	2bak1b1r/3ra4/2n1c1c1n/pC2p1p1p/2p6/6P2/P1P1P3P/2N1CRN2/9/1RBAKAB2 w - - 0 1	3akRb2/4a4/brc1c3n/4C4/9/2R3p2/P3P3P/3CB1N2/4A4/3A1KB2 b - - 1 1	f2f4 i9h9 c3c4 h9h5 b6c6 c9a7 b0b4 h5h3 c2d4 c5c4 b4c4 g7f7 f0e1 h3h5 e2d2 d8b8 d4e6 b8b6 e6c7 f7c7 c6i6 b6b7 c0e2 e7h7 i6a6 h5h6 a6h6 g6g5 h6e6 h7e7 e0f0 g5g4 f4f9
164	82	red	loss	no_legal_moves	32	7845	7497	2bakab1r/3r5/n3c3n/p1p1p1p1p/4c4/PN7/2P3P1P/C3C1N2/4A4/R1B1KABR1 w - - 0 1	R1bakab2/9/8n/4p1p1p/9/1p1n5/8P/3AB3B/2rK5/3A5 w - - 2 1	a2a6 c6c5 a4a5 i9i8 h0h4 i8f8 a5b5 f8f2 a6a2 d8d2 h4e4 e5e2 e4e2 e7e2 a2e2 d2e2 c0e2 f2g2 e1d2 g2g3 g0i2 c5c4 f0e1 c4b4 e0d0 a7b5 d0d1 b5d4 a0a9 g3c3 e1d0 c3c1
153	76	black	loss	no_legal_moves	39	9321	8605	4kabr1/4a4/n1c1b3c/C5p1p/2p6/P1P3P2/3rP3P/C5N2/9/R1BAKAB1R w - - 0 1	C2Rkabrc/3P5/9/9/1P4P2/5N2P/4P4/4B4/9/3AKAB2 b - - 0 1	c4c5 d3d4 a4a5 h9h5 c0e2 h5h3 i0i1 h3h5 a5b5 d4a4 i1a1 a4a6 a2a7 a6a1 a0a1 h5h9 a7a9 i6i5 g2f4 i5i4 i3i4 g6g5 g4g5 i7i9 c5c6 e7c5 c6c7 c5a7 a1a7 e8d7 c7c8 d7e8 a7b7 e8d7 c8d8 d7e8 b7b9 e8d9 b9d9
158	79	red	loss	no_legal_moves	28	6862	6003	2bakab2/r4r3/n1c1c1n2/2p1p1p1p/p8/7C1/P1P1P1P1P/2N1B2CN/3RA4/2B1KA2R w - - 0 1	2bak1b2/4a4/n5n2/2p1p1p1p/p8/2P6/P3c1P1P/3A5/3r5/1r2KA2N w - - 4 1	h4c4 c7c4 c3c4 f8f5 i0h0 a8h8 h0g0 h8h2 g0g2 h2g2 e0d0 f9e8 d0e0 g2e2 e0d0 e2c2 d0e0 e7e3 e1d2 c2c0 d1d0 c0c1 d0d1 c1d1 i2g1 f5b5 g1i0 b5b0
166	83	red	loss	no_legal_moves	18	4411	4000	2bak1b1r/3ra4/2n1c1c1n/pC2p1p1p/2p6/6P2/P1P1P3P/2N1CRN2/9/1RBAKAB2 w - - 0 1	3ak1b2/4a4/b1n1c3n/pC1rNRp1p/1Rp6/6P2/P1P1P3P/B1N1C1r2/4A4/4KA1c1 w - - 6 1	g2f4 g7f7 b6c6 c9a7 f4e6 d8d6 c6b6 i9h9 f2f4 h9h0 d0e1 h0g0 f4f6 f7h7 c0a2 g0g2 b0b5 h7h0
141	70	black	loss	no_legal_moves	59	14231	14492	rnbaka1nr/8c/1c2b4/p1p1p1p1p/9/9/P1P1P1P1P/1C2B4/5C3/RNBAKA1NR w - - 0 1	1c2ka2C/4a4/b8/4N1P2/4P3P/P8/9/4B4/4AC3/1N1AK2R1 b - - 6 1	h0g2 h9g7 i0h0 c6c5 g3g4 b7d7 b0a2 b9c7 b2c2 a9b9 c3c4 b9b2 c2c1 c7d5 c4c5 d5c3 a0b0 b2b0 a2b0 d7b7 h0h8 f9e8 c1c2 c3e2 c0e2 i6i5 f0e1 i5i4 i3i4 g6g5 g4g5 e6e5 g2f4 e5e4 e3e4 a6a5 e4e5 a5a4 a3a4 g7i6 h8h6 i6h4 h6h4 b7b9 g5g6 i8i5 i4i5 e8d7 h4h5 e7c5 c2c9 d9e8 c9i9 c5a7 h5h9 e8f9 f4e6 d7e8 h9h0
175	87	black	loss	no_legal_moves	23	5391	4580	2bak4/4a3r/n2cb1c2/p4R3/2p3p1p/8n/P1P1P4/2NCB1N2/4A3C/2BAK4 w - - 0 1	2ba5/3ka1R1C/n8/p8/2pN2b1p/9/P1P1P4/2NCB4/4An3/2BAK4 b - - 6 1	f6h6 g5g4 g2i3 g4f4 h6h4 f4g4 i3g4 e7g5 g4e5 i4h2 i1i8 h2f1 h4h9 g7g9 h9g9 e8f9 e5d7 e9e8 d7f6 e8d8 g9g8 f9e8 f6d5
169	84	black	loss	no_legal_moves	35	8337	7513	1nbakab1r/r8/3c2nc1/p1p1p1p1p/9/9/P1P1P1P1P/2C1C3B/9/RNBAKA1NR w - - 0 1	3aka2r/3RR4/9/9/4C1P2/3p5/P1P1P3P/N1C5B/9/2BAKN3 b - - 0 1	h0g2 a8f8 b0a2 e6e5 e2e5 f8f1 a0b0 f1f8 b0b9 i6i5 i0h0 i5i4 b9c9 i4h4 h0h4 g6g5 c9c6 g5g4 g3g4 a6a5 g4g5 a5a4 c6e6 g7e8 h4h7 a4b4 h7d7 b4c4 d7d8 f8f0 g2f0 g9e7 e6e7 c4d4 e7e8
147	73	black	loss	no_legal_moves	51	12258	11504	1nbakabn1/8r/rc5c1/p1p1p1p2/8p/9/P1P1P1P1P/1C7/2C1A4/RNB1KABNR w - - 0 1	1nba1ab2/1CC1k1N2/9/9/P8/4P1P1r/2P6/4B1N2/4A2R1/4KAB2 b - - 3 1	b0a2 b7g7 a0b0 g7d7 b2h2 a7b7 h2h9 b7b0 a2b0 d7c7 h0g2 i8i9 h9h8 i9i8 h8h9 c9e7 b0a2 g6g5 a3a4 i8i9 h9h8 h7h3 i0h0 h3h7 a2b4 i5i4 i3i4 g5g4 g3g4 e6e5 c0e2 e5e4 e3e4 c6c5 b4d5 c5c4 c1c4 a6a5 a4a5 h7h1 h0h1 e7c9 d5f6 c7c8 f6g8 c8f8 h8f8 i9i4 f8b8 e9e8 c4c8
179	89	black	loss	no_legal_moves	25	5882	5133	r1b1kab1r/4a4/2n2cn2/p2Rp1p1p/1c7/2p3P2/P3P3P/C1N1C4/9/R1BAKABN1 w - - 0 1	CR2kabr1/2R1a4/4c1n2/4C1p1p/9/7p1/P3P3P/2N3N2/9/2BAKAB2 b - - 2 1	d6c6 c4b4 c6c7 i9h9 c7c5 a9b9 h0g2 b4c4 a0b0 c4d4 c5b5 d4e4 b5b9 e4f4 b9c9 e8d9 a2a6 f4g4 a6a9 g4h4 c9c8 d9e8 e2e6 f7e7 b0b9
173	86	black	loss	no_legal_moves	25	5882	5131	1nb1kabr1/4a4/6n1c/p5p1p/2p1p4/P4NP2/2P1c3P/N1C1B2C1/4A4/2BAKR3 w - - 0 1	1Rb2ab2/1N1ka4/8c/4n1r2/9/P1PC2P1p/8P/3CB4/4A4/2B1K4 b - - 4 1	f4g6 e5e4 h2h4 c5c4 c3c4 h9h6 h4e4 e9d9 a2b4 g7e6 b4a6 c9a7 c2d2 h6g6 f0f3 e3e1 d0e1 i6i5 f3b3 i5i4 b3b9 a7c9 a6b8 d9d8 e4d4
182	91	red	loss	no_legal_moves	26	6374	5996	2bakab2/r8/2n1c4/p3p3p/1cp2n3/4P1N2/P1P5P/4C1N2/4C4/R1BAKAB2 w - - 0 1	2bak1b2/9/2n2a3/p3p3p/5c3/1p1nr4/P7P/4CA2B/4AK3/2B6 w - - 2 1	a0b0 a8g8 e1g1 f9e8 b0b4 e7g7 g4f6 e8f7 g1g7 g8g7 g2f4 g7g6 c3c4 c5c4 f0e1 c4b4 g0i2 g6f6 e0f0 f5d4 f0f1 f6f4 e1f2 f4e4 d0e1 b5f5
161	80	black	loss	no_legal_moves	33	7842	8001	r1bakabn1/8r/n1c4c1/p1p1p1p1p/9/3C5/P1P1P1P1P/NC7/9/R1BAKABNR w - - 0 1	r2akrbR1/4a1N2/2c6/4C1p2/9/P4RPp1/2P1P3P/6N2/9/2BAKAB2 b - - 2 1	h0g2 c9e7 i0h0 a6a5 b2e2 i8f8 e2e6 f9e8 d4d7 h7d7 h0h9 f8f9 a0a1 a7b5 a1d1 d7d4 g3g4 d4d3 d1d3 b5d4 d3d4 a5a4 a3a4 i6i5 a2b4 i5i4 b4c6 i4h4 d4f4 h4i4 c6e7 i4h4 e7g8
168	84	red	loss	no_legal_moves	26	6373	5997	1nbakab1r/r8/3c2nc1/p1p1p1p1p/9/9/P1P1P1P1P/2C1C3B/9/RNBAKA1NR w - - 0 1	2bakabr1/9/4c4/2p3p1C/p4r1c1/7R1/P1P1P1P1P/N5N1B/R3A1n2/3AK4 w - - 2 1	h0g2 a6a5 b0a2 b9a7 i0h0 a7b5 h0h4 a8f8 f0e1 f8f5 e2e6 g7e6 c2e2 h7h5 e2e6 i9h9 e6i6 d7h7 h4b4 h7e7 b4h4 b5d4 c0e2 d4e2 a0a1 e2g1
150	75	red	loss	no_legal_moves	36	8825	8499	r1bak1b2/4a1c2/2n1c3n/p1pC2p1p/7r1/2P6/P3P1P1P/2NCB4/4A4/R3KABNR w - - 0 1	1RbCk1b2/4a4/4c3n/p1p3p1N/9/2P5P/P3cr3/3rB3B/4K3R/5A3 w - - 0 1	c2d4 c7e6 d4e6 h5d5 d6d8 d5d8 a0b0 d8d5 h0g2 d5e5 e6g7 a9a7 i3i4 a7d7 i0i2 e5f5 i2i1 f5f7 g7i6 g8g3 e0d0 d7d3 g0i2 e7d7 d0d1 d3e3 d2d9 e3d3 e1d2 d3d2 d1e1 d7e7 g2e3 f7f3 b0b9 g3e3
189	94	black	loss	no_legal_moves	41	9814	9995	1r1akab2/9/n1ccb1n2/pCp1p3p/6p2/2P6/P3P1P1P/2N1B1C2/9/1R1AKABN1 w - - 0 1	cnbk1ab2/4a1N2/3N5/2PC5/9/4P4/8P/9/4K4/3A1A3 b - - 8 1	g3g4 g5g4 g2g7 d7g7 b6e6 d9e8 b0b9 a7b9 c2d4 c6c5 c4c5 g7g5 c5c6 c7a7 e6a6 a7a3 e2g4 g5g0 e0e1 a3d3 h0g2 g0g4 d4f5 d3a3 e3e4 g4g8 g2h4 g8g1 a6i6 g1g8 f5h6 a3a9 h6g8 e9d9 h4f3 e7c9 i6d6 e8f7 f3e5 f7e8 e5d7
181	90	black	loss	no_legal_moves	29	6869	6501	1r1aka1n1/7C1/b1n1b4/p1p1p3p/9/2P2NB2/c3c3P/N1C6/4A4/1RBAK4 w - - 0 1	3ak2NC/5n1C1/b1nabN3/p1p6/9/2P3p2/8P/4B4/4A4/2B1K4 b - - 6 1	c2e2 b9b0 a2b0 e3e4 b0c2 a3h3 c2e3 e4e5 e2i2 f9e8 g4e2 h3h7 i2i6 h9f8 i6i9 e8d7 e3f5 h7f7 f5h6 e5e1 d0e1 e6e5 h6f7 e5e4 f4g6 e4f4 g6i7 f4g4 i7h9
183	91	black	loss	no_legal_moves	11	2452	2504	2bakab2/r8/2n1c4/p3p3p/1cp2n3/4P1N2/P1P5P/4C1N2/4C4/R1BAKAB2 w - - 0 1	2bakab2/r8/4C4/p3C3p/2p1p4/9/P1P5P/6N1n/9/R1BAKAB2 b - - 2 1	e4e5 b5e5 g4e5 e6e5 e2e7 f5h4 e7h7 c7e6 e1e6 h4i2 h7e7
140	70	red	loss	no_legal_moves	68	16682	15993	rnbaka1nr/8c/1c2b4/p1p1p1p1p/9/9/P1P1P1P1P/1C2B4/5C3/RNBAKA1NR w - - 0 1	2b1ka3/4a4/4bc3/4p3p/5n3/p8/2P1P3P/N2AB1n2/5K3/9 w - - 2 1	h0g2 h9g7 i0i1 i9h9 b0a2 a6a5 b2d2 b9a7 a0b0 a9b9 b0b6 h9h5 g3g4 b7c7 b6b9 a7b9 f1a1 h5d5 f0e1 g6g5 g4g5 d5g5 i1h1 i8c8 h1h8 d9e8 h8h2 c6c5 e1f0 g5d5 d0e1 c5c4 e2c4 c7b7 a3a4 b7b0 d2d0 b0d0 e1d0 d5d1 a1a0 d1a1 h2h7 a1a0 f0e1 a5a4 e0f0 c8c7 f0f1 a0c0 f1f2 c0c2 e1d2 c2d2 c4e2 g7f5 d0e1 c7h7 e1d2 h7f7 g2f4 b9c7 f2f1 c7d5 f1f2 d5f4 f2f1 f4g2
194	97	red	loss	no_legal_moves	18	4411	4000	r1bakab2/9/2c1c1n2/pCp1n1p1p/4p4/2P4R1/r3P1P1P/3CB1N2/N3A4/2RAK1B2 w - - 0 1	2bakab2/5r3/2c2cn2/pCp3p1p/9/2P6/3rp1P1P/2N1BAn1B/4AK3/3R5 w - - 0 1	a1c2 a3c3 d2d3 c3d3 g0i2 e5e4 e0f0 a9a8 f0f1 a8f8 e1f2 e4e3 d0e1 e7f7 h4f4 e6f4 c0d0 f4g2
188	94	red	loss	no_legal_moves	20	4901	4499	1r1akab2/9/n1ccb1n2/pCp1p3p/6p2/2P6/P3P1P1P/2N1B1C2/9/1R1AKABN1 w - - 0 1	1n1akab2/9/2c1b1n2/p1p2c2p/4p1p2/2Pr5/P3P1P1P/4BAC1N/4AK3/6B2 w - - 4 1	b0b2 d7d6 c2d4 b9b6 h0i2 b6b2 f0e1 b2b8 e0f0 a7b9 f0f1 b8f8 e1f2 f8f4 d0e1 f4d4 f1f0 e6e5 f0f1 d6f6
156	78	red	loss	no_legal_moves	42	10295	9056	rnbakabn1/9/7cr/p1p1p1p1p/c8/9/P1P1P1P1P/2C6/6C2/RNBAKABNR w - - 0 1	1nbak1C2/4a4/8n/p3p1p1p/2p6/9/P1P5P/N3B4/4Kr2N/2BA1r3 w - - 6 1	b0a2 a5c5 c2c5 c6c5 h0g2 h7e7 g0e2 i7h7 a0b0 h7h2 g2e1 e7e3 b0b4 h2h3 b4e4 h3g3 i0h0 h9i7 e4e3 g3e3 g1g9 f9e8 h0h2 a9a7 e1g0 e3f3 g0i1 f3f7 f0e1 f7h7 e0f0 h7h2 f0f1 a7f7 e1f2 h2f2 f1e1 f2f1 e1e0 f1f0 e0e1 f7f1
172	86	red	loss	no_legal_moves	60	14737	14485	1nb1kabr1/4a4/6n1c/p5p1p/2p1p4/P4NP2/2P1c3P/N1C1B2C1/4A4/2BAKR3 w - - 0 1	2bnka3/9/3a4b/p1R5p/2pr4P/6P2/9/9/3K5/9 w - - 6 1	f4g6 g7e6 a2b4 e5e4 g6i7 g9i7 b4d5 b9c7 d5e3 e4e3 c2d2 c9e7 f0f5 e6d4 f5f4 d4b3 d2b2 h9h3 f4b4 e3e2 b4b3 e2e1 d0e1 h3h2 b2e2 h2h0 e1f0 h0h3 i3i4 h3g3 f0e1 c7d9 b3b9 g3c3 e0d0 c3d3 d0e0 d3d4 b9c9 d4e4 c9c6 e4c4 c0a2 c4a4 e2e5 a4a2 e0d0 a2a0 d0d1 a0a1 d1d2 a1e1 i4i5 e1e5 d2d1 e8d7 d1d2 e7c9 d2d1 e5d5
197	98	black	loss	no_legal_moves	27	6371	6502	1nbakabn1/8r/rc4c2/p1p1p1p1p/9/6P2/P1P1P3P/3C1C3/9/RNBAKABNR w - - 0 1	2bakab2/2c6/r3C3n/p3C1p1p/3n1Rr2/9/P1P1N3P/2N5B/4A4/1RBAK4 b - - 2 1	h0g2 b7e7 f2e2 b9c7 b0c2 c6c5 i0h0 i8d8 f0e1 h9i7 h0h5 d8d4 h5c5 d4g4 a0b0 g7g8 g0i2 g4g3 c5f5 g8c8 d2d7 c7d5 e2e6 e7e3 g2e3 g3g5 d7e7
162	81	red	loss	no_legal_moves	32	7842	7004	r1bakab1r/9/2n2c3/p3p3p/2p3p2/P2n5/1cP1P1P1P/2NCB1N1C/4A4/R1BAK2R1 w - - 0 1	2bakc3/4a4/n3b4/p5r1C/3P2p2/P8/4Pc1RP/4B3C/2n1A3N/2BA1K3 w - - 7 1	h0h4 d4c2 a0a2 c2b0 a2b2 a9b9 c3c4 b3g3 b2b9 c7b9 c4c5 b9a7 e2c4 g9e7 d2e2 f9e8 e2e6 i9g9 c4e2 b0c2 g2i1 g9g6 h4h9 f7f9 e6i6 c2d4 h9h3 d4b3 c5d5 b3c1 e0f0 g3f3
196	98	red	loss	no_legal_moves	24	5883	5005	1nbakabn1/8r/rc4c2/p1p1p1p1p/9/6P2/P1P1P3P/3C1C3/9/RNBAKABNR w - - 0 1	1nbakab2/9/5c2n/p1p1p3p/5cp2/6P2/P1P4RP/3CBK3/4A4/1NBA5 w - - 1 1	f0e1 b7e7 h0g2 e7e3 g0e2 h9i7 i0h0 i8f8 h0h3 e3e5 b0c2 a7b7 a0b0 b7b0 c2b0 g6g5 g2f4 f8f4 e0f0 g7f7 f0f1 f4f2 f1f2 e5f5
190	95	red	loss	no_legal_moves	48	11768	11083	rn1akabnr/9/1c2b1c2/p1p1p3p/6p2/9/P1P1P1P1P/NC7/6C2/R1BAKABNR w - - 0 1	4kab2/4a4/4b4/p2c5/3n2p1C/9/c1P3n1P/N2KB4/4A2r1/2BA5 w - - 12 1	h0i2 h9i7 b2e2 i9h9 a0b0 d9e8 i0h0 h9h0 i2h0 i6i5 e2e6 b9c7 e6e5 b7a7 b0b6 a7a3 e3e4 a9d9 b6c6 d9d4 g1i1 d4e4 g0e2 e4e5 h0f1 e5e6 f0e1 e6c6 e0f0 c6f6 f0e0 f6f1 i1i5 i7h5 e1d2 h5g3 d0e1 f1h1 e0d0 g3f1 d0d1 g7g6 e1d0 f1g3 d2e1 g6d6 d1d2 c7d5
184	92	red	loss	no_legal_moves	48	11771	10584	rnbakabn1/8r/1cc6/2p1p1p1p/p8/9/P1P1P1P1P/NCC6/R8/2BAKABNR w - - 0 1	4kab2/4a4/nR2b1n2/4p1pCp/3R5/3p2P2/4P3P/1C1A5/1cr1A4/2rK5 w - - 0 1	a1d1 b9a7 i0i2 h9g7 d1d5 b7b5 d5d7 c7c3 i2d2 d9e8 d7b7 c3c0 d0e1 c0a0 h0g2 c9e7 g3g4 c6c5 g2f4 i8f8 f4d5 b5d5 d2d5 f8f4 c2c1 a5a4 a3a4 f4a4 c1c2 c5c4 c2h2 a9c9 h2h6 a4a2 g0e2 c4d4 e0d0 c9c0 d0d1 a0b0 e1d2 b0b1 f0e1 c0c1 d1d0 a2a0 e2c0 a0c0
176	88	red	loss	no_legal_moves	40	9803	9501	rnbakabn1/1c7/3c4r/p1p1p1p1p/9/9/P1P1P1P1P/N7C/7C1/R1BAKABNR w - - 0 1	3akab2/9/4bn3/p1p1p3p/1r3n3/P8/2P1P3P/N3B4/2C1ANc1C/R1Bc1K1r1 w - - 0 1	a0b0 d7b7 b0a0 i7h7 h1c1 g6g5 g0e2 h9g7 h0f1 g7f5 i0g0 a9a7 g3g4 g5g4 g0g4 b7g7 f0e1 a7b7 a3a4 c9e7 i2i0 b7b5 g4g6 b9d8 i0i1 d8f7 e0f0 b8g8 f0e0 g8g6 e0f0 g6g1 f0e0 h7h0 e1f0 g1g0 f0e1 g7g1 e0f0 g0d0
165	82	black	loss	no_legal_moves	37	8824	8509	2bakab1r/3r5/n3c3n/p1p1p1p1p/4c4/PN7/2P3P1P/C3C1N2/4A4/R1B1KABR1 w - - 0 1	1rbak1b2/4RR3/3a4n/4C1p2/4c4/4C2p1/2P3P1P/6N2/4A4/2B1KAB2 b - - 8 1	a2a6 c6c5 a6a5 a7b5 a5c5 d8d4 a4a5 d4b4 a5b5 b4b5 c5c4 i9i8 c4g4 e5g5 a0a6 i8c8 a6e6 f9e8 e6e3 b5b7 h0h8 b7b8 h8f8 b8b3 e2e7 e8d7 g4e4 g5e5 f8c8 b3b9 e7e6 i6i5 e3f3 i5i4 f3f8 i4h4 c8e8
155	77	black	loss	no_legal_moves	35	8330	7620	rnbakabn1/8r/1c1c5/p3p1p1p/2p6/9/P1P1P1P1P/4B2C1/6C2/RNBAKA1NR w - - 0 1	1nbRR4/r3k3r/2c6/p3p1p2/9/3p1NP2/P1P1P3P/2N1BC3/6C2/2BAKA3 b - - 2 1	b0c2 i6i5 a0b0 b7c7 b0b6 h9g7 g3g4 g9i7 b6d6 d7e7 h2f2 a9a8 h0g2 i7g9 g2f4 e7d7 d6d7 i5i4 d7g7 i4h4 g7g9 h4i4 g9f9 e9e8 i0h0 i4h4 h0h4 c5c4 h4h9 c4d4 f9e9 e8d8 e9d9 d8e8 h9e9
198	99	red	loss	no_legal_moves	40	9805	8557	1nbakab1r/r8/2c3nc1/p1p1p1p1p/9/2P6/P3P1P1P/RC4C2/9/1NBAKABNR w - - 0 1	3ak4/3ca4/b3b1n1c/2p1p1p1p/9/2P3P1P/4P1C2/3A4N/3KA4/2r3B2 w - - 2 1	h0i2 i9h9 g3g4 g9e7 d0e1 b9a7 i0h0 a8b8 c0e2 a6a5 h0h4 h7i7 i3i4 b8b5 a3a4 a5a4 a2a4 c7c8 a4a3 f9e8 b0d1 h9h4 i2h4 b5h5 h4i2 h5d5 g2g3 d5d1 a3a7 c9a7 e1d2 d1b1 f0e1 b1b2 e0d0 b2b0 e2c0 b0c0 d0d1 c8d8
187	93	black	loss	no_legal_moves	27	6372	6151	rnbakabnr/9/1c2c4/2p1p3p/p5p2/9/P1P1P1P1P/C2C5/4A4/RNB1KABNR w - - 0 1	C1R1kCb1r/7R1/4c1n2/2p1p4/6p2/2PN4p/P3P1P1P/6N2/4A4/2B1KAB2 b - - 0 1	b0c2 b9a7 h0g2 i6i5 i0h0 h9g7 a0b0 b7b5 c3c4 b5b7 b0b7 i5i4 h0h8 i4h4 a2a5 h4i4 a5a9 i4h4 c2d4 h4i4 d2d9 i4h4 d9f9 a7b9 b7b9 h4i4 b9c9
177	88	black	loss	no_legal_moves	25	5880	5055	rnbakabn1/1c7/3c4r/p1p1p1p1p/9/9/P1P1P1P1P/N7C/7C1/R1BAKABNR w - - 0 1	3a2bC1/1R2k4/4c3r/p1p3p2/9/7p1/P1P1P1P1P/N3C4/9/2BAKABNR b - - 2 1	h1e1 d7f7 e1e6 i6i5 i2e2 i5i4 e6e4 i4h4 e4a4 f7e7 a4a9 h4i4 a0b0 i4h4 b0b8 h4i4 a9c9 d9e8 b8b9 i4h4 c9f9 e8d9 f9h9 e9e8 b9b8
171	85	black	loss	no_legal_moves	29	6863	7000	r1bakabn1/8r/nc6c/p1p1p1p1p/9/9/P1P1P1P1P/2C1B2CR/9/RN1AKABN1 w - - 0 1	1rbakRb2/1c2n3r/n8/2p3P1p/4P4/3p1N3/P1P1N3P/2C1BC3/9/R2AKAB2 b - - 0 1	g3g4 a6a5 h2f2 g6g5 i2h2 h9g7 g4g5 g7e8 g5g6 a9b9 h0g2 b7b3 b0d1 e6e5 g2f4 b3b8 h2h5 e5e4 e3e4 a5a4 e4e5 a4b4 d1e3 b4c4 h5f5 i7f7 f5f7 c4d4 f7f9
191	95	black	loss	no_legal_moves	31	7354	7499	rn1akabnr/9/1c2b1c2/p1p1p3p/6p2/9/P1P1P1P1P/NC7/6C2/R1BAKABNR w - - 0 1	2bakabn1/9/1c3n3/p1p6/4C3p/4C1P2/P1P1P1c1P/N7N/4A4/2BAK4 b - - 5 1	h0i2 h9i7 i0h0 i6i5 b2e2 b9d8 a0a1 i9h9 h0h9 i7h9 a1d1 a9a8 g1h1 g5g4 g3g4 g7g8 h1h8 g8g0 f0e1 d8f7 e2e6 e7c9 h8h0 a8d8 d1d8 f7d8 e6e4 d8f7 h0h5 g0g3 h5e5
170	85	red	loss	no_legal_moves	28	6860	6499	r1bakabn1/8r/nc6c/p1p1p1p1p/9/9/P1P1P1P1P/2C1B2CR/9/RN1AKABN1 w - - 0 1	2bakab2/5r3/n3cc3/p1p4rp/9/6B2/P1P1P3P/4BACCn/R2NAK3/9 w - - 2 1	h0g2 g6g5 g3g4 g5g4 e2g4 h9g7 g2f4 g7h5 f4e6 b7e7 b0d1 i8d8 a0a1 d8d6 c2g2 h5g3 g0e2 d6e6 f0e1 e6h6 e0f0 a9a8 f0f1 a8f8 e1f2 g3i2 d0e1 i7f7
199	99	black	loss	no_legal_moves	37	8825	9000	1nbakab1r/r8/2c3nc1/p1p1p1p1p/9/2P6/P3P1P1P/RC4C2/9/1NBAKABNR w - - 0 1	1ncaka2R/r5N2/b8/p8/9/4P3p/P3C1P2/R3B1C2/4A4/1N2KAB2 b - - 6 1	h0i2 c6c5 c4c5 h7i7 c0e2 i7i3 i0h0 e6e5 h0h3 c7e7 d0e1 i3i5 h3h6 i5c5 b2c2 c9a7 h6g6 e5e4 e3e4 c5c9 g6g7 i6i5 i2h4 i5i4 h4f5 i4h4 g7g9 h4i4 g9i9 i4h4 f5e7 h4i4 c2c3 i4h4 c3e3 h4i4 e7g8
180	90	red	loss	no_legal_moves	46	11286	10988	1r1aka1n1/7C1/b1n1b4/p1p1p3p/9/2P2NB2/c3c3P/N1C6/4A4/1RBAK4 w - - 0 1	3aka3/9/6nC1/p2cp1N1p/6b2/3n5/8P/3K1A3/4A4/9 w - - 4 1	g4e2 a3c3 e0f0 b9b0 a2b0 e3e4 f4g6 e7g5 h8h7 c6c5 b0a2 c7b5 a2c3 b5c3 f0e0 h9g7 c4c5 a7c5 c2c5 e4d4 c5c6 c3e4 e1f0 e4f2 e0e1 f2h3 e1e0 h3g1 e0e1 d4h4 e1d1 g1e2 f0e1 e2c3 d1d2 h4d4 c0a2 c3a2 e1f2 a2b4 d0e1 b4c6 e1d0 d4d6 d0e1 c6d4
186	93	red	loss	no_legal_moves	42	10294	9992	rnbakabnr/9/1c2c4/2p1p3p/p5p2/9/P1P1P1P1P/C2C5/4A4/RNB1KABNR w - - 0 1	2bk1a3/9/n7b/2p1n3p/C5p2/P1P2r3/3c3cP/3AB3N/3KA4/6B2 w - - 2 1	h0g2 a9a6 i0h0 a6b6 b0c2 h9g7 a2a5 i9h9 h0h9 g7h9 c0e2 e7g7 c3c4 g7g3 d2d8 b6b2 c2d4 h9g7 a0d0 b9a7 a3a4 b7e7 d8g8 g9i7 g2h0 b2b8 d4e6 b8g8 e6f4 g8f8 h0i2 f8f4 d0d9 e9d9 e1d2 g3h3 f0e1 g7e6 e0d0 e7e3 d0d1 e3d3
185	92	black	loss	no_legal_moves	29	6861	6130	rnbakabn1/8r/1cc6/2p1p1p1p/p8/9/P1P1P1P1P/NCC6/R8/2BAKABNR w - - 0 1	rnb2Rbn1/1c3R3/2c2k3/2p1C1N2/9/P5P1p/2P1P3P/NC7/9/2BAKAB2 b - - 0 1	a1d1 h9g7 g3g4 g7h9 i0i1 b7b6 h0g2 b6b3 c2e2 b3b8 e2e6 a5a4 a3a4 i6i5 d1d4 i5i4 i1d1 i4h4 d4d9 e9e8 g2f4 h4i4 d1d8 e8e7 f4g6 e7f7 d9f9 i8f8 d8f8
192	96	red	loss	no_legal_moves	58	14215	13495	1nbakab1r/9/r1c3nc1/p1p1p1p1p/9/P8/2P1P1P1P/1C2C4/4A4/RNBAK1BNR w - - 0 1	2bak4/1R2a4/4b4/4p3p/9/4N1R2/4Pr2P/4n1N2/3rAK3/2Bc5 w - - 4 1	b0a2 a6a5 a2b4 a5a4 b2b9 a7b7 a0a4 b7b9 h0g2 i9h9 g3g4 b9b5 e2b2 b5c5 i0h0 c7b7 b2c2 c5b5 c2b2 b5c5 c3c4 c5c4 g0e2 c4d4 b2b7 h7b7 h0f0 h9h2 f0f4 d4d1 g2f0 c6c5 a4a8 f9e8 b4a6 g9e7 a8b8 b7d7 f4f6 d7d6 f6f4 h2h5 b8a8 g6g5 a8b8 g5g4 f4g4 g7f5 a6c5 d6d0 f0g2 f5d4 c5e4 d4e2 e0f0 h5h3 f0f1 h3f3
195	97	black	loss	no_legal_moves	37	8822	9000	r1bakab2/9/2c1c1n2/pCp1n1p1p/4p4/2P4R1/r3P1P1P/3CB1N2/N3A4/2RAK1B2 w - - 0 1	2bakRC2/1r2a4/2c3n2/p7p/2p1P1p2/9/1N4P1P/4B1N2/1C2A4/3A1K2n b - - 2 1	a1c2 a3c3 c2a1 c3a3 a1c2 a3c3 c2a1 c3d3 c0b0 e5e4 e3e4 e6g5 b0b3 d3b3 a1b3 a9a8 e4e5 g5f3 h4f4 f3g1 e0f0 g6g5 c4c5 c6c5 d2d1 a8b8 d1b1 e7e2 g0e2 g1i0 f4f3 i0g1 b6g6 g1i0 g6g9 f9e8 f3f9
